balanced_accuracy,pr_auc,roc_auc
0.7861816019032515,0.8484125840230176,0.8714314036478985
