,precision,recall,f1-score,support
True,0.6611842105263158,0.9663461538461539,0.7851562500000001,208.0
False,0.9285714285714286,0.4690721649484536,0.6232876712328768,194.0
accuracy,0.7263681592039801,0.7263681592039801,0.7263681592039801,0.7263681592039801
macro avg,0.7948778195488722,0.7177091593973037,0.7042219606164384,402.0
weighted avg,0.7902218232147534,0.7263681592039801,0.7070405677093984,402.0
