,precision,recall,f1-score,support
True,0.7017543859649122,0.9615384615384616,0.8113590263691682,208.0
False,0.9316239316239316,0.5618556701030928,0.7009646302250804,194.0
accuracy,0.7686567164179104,0.7686567164179104,0.7686567164179104,0.7686567164179104
macro avg,0.8166891587944219,0.7616970658207771,0.7561618282971243,402.0
weighted avg,0.812686455263046,0.7686567164179104,0.7580841187772452,402.0
