,precision,recall,f1-score,support
True,0.8457142857142858,0.7115384615384616,0.7728459530026109,208.0
False,0.73568281938326,0.8608247422680413,0.7933491686460807,194.0
accuracy,0.7835820895522388,0.7835820895522388,0.7835820895522388,0.7835820895522388
macro avg,0.7906985525487729,0.7861816019032515,0.7830975608243458,402.0
weighted avg,0.792614523355532,0.7835820895522388,0.7827405396564246,402.0
