,precision,recall,f1-score,support
True,0.9044117647058824,0.5913461538461539,0.7151162790697675,208.0
False,0.6804511278195489,0.9329896907216495,0.7869565217391304,194.0
accuracy,0.7562189054726368,0.7562189054726368,0.7562189054726368,0.7562189054726368
macro avg,0.7924314462627156,0.7621679222839017,0.751036400404449,402.0
weighted avg,0.796331258347801,0.7562189054726368,0.7497854509052311,402.0
