threshold,threshold_name
0.5,default
0.1873734656631675,optimal
0.6681547244821129,tpr
0.156530964382179,tnr
