balanced_accuracy,pr_auc,roc_auc
0.5,0.5491759376606095,0.7090315165446737
