,precision,recall,f1-score,support
True,0.0,0.0,0.0,122.0
False,0.6895674300254453,1.0,0.8162650602409639,271.0
accuracy,0.6895674300254453,0.6895674300254453,0.6895674300254453,0.6895674300254453
macro avg,0.34478371501272265,0.5,0.40813253012048195,393.0
weighted avg,0.47550324055189735,0.6895674300254453,0.5628697998099268,393.0
