,precision,recall,f1-score,support
True,0.5486725663716814,0.5081967213114754,0.5276595744680852,122.0
False,0.7857142857142857,0.8118081180811808,0.7985480943738656,271.0
accuracy,0.7175572519083969,0.7175572519083969,0.7175572519083969,0.7175572519083969
macro avg,0.6671934260429835,0.6600024196963281,0.6631038344209754,393.0
weighted avg,0.7121288155875739,0.7175572519083969,0.7144554749629108,393.0
