,precision,recall,f1-score,support
True,0.3953488372093023,0.8360655737704918,0.5368421052631579,122.0
False,0.8518518518518519,0.42435424354243545,0.5665024630541873,271.0
accuracy,0.5521628498727735,0.5521628498727735,0.5521628498727735,0.5521628498727735
macro avg,0.6236003445305771,0.6302099086564636,0.5516722841586725,393.0
weighted avg,0.7101384478152334,0.5521628498727735,0.5572949219587532,393.0
