,precision,recall,f1-score,support
True,0.4026548672566372,0.7459016393442623,0.5229885057471264,122.0
False,0.8143712574850299,0.5018450184501845,0.6210045662100456,271.0
accuracy,0.5776081424936387,0.5776081424936387,0.5776081424936387,0.5776081424936387
macro avg,0.6085130623708336,0.6238733288972234,0.571996535978586,393.0
weighted avg,0.6865610803657834,0.5776081424936387,0.5905771886617602,393.0
