threshold,threshold_name
0.5,default
0.21550281476954816,optimal
0.2952069725881681,tpr
0.2307320905676556,tnr
