balanced_accuracy,pr_auc,roc_auc
0.6961805555555556,0.7832853796684675,0.7716471354166666
