,precision,recall,f1-score,support
True,0.6257668711656442,0.796875,0.7010309278350516,128.0
False,0.7614678899082569,0.5763888888888888,0.6561264822134387,144.0
accuracy,0.6801470588235294,0.6801470588235294,0.6801470588235294,0.6801470588235294
macro avg,0.6936173805369505,0.6866319444444444,0.6785787050242451,272.0
weighted avg,0.6976085869705568,0.6801470588235294,0.6772579860353742,272.0
