,precision,recall,f1-score,support
True,0.8533333333333334,0.5,0.6305418719211823,128.0
False,0.6751269035532995,0.9236111111111112,0.780058651026393,144.0
accuracy,0.7242647058823529,0.7242647058823529,0.7242647058823529,0.7242647058823529
macro avg,0.7642301184433165,0.7118055555555556,0.7053002614737877,272.0
weighted avg,0.7589887528615507,0.7242647058823529,0.7096978138004114,272.0
