,precision,recall,f1-score,support
True,0.5909090909090909,0.8125,0.6842105263157896,128.0
False,0.75,0.5,0.6,144.0
accuracy,0.6470588235294118,0.6470588235294118,0.6470588235294118,0.6470588235294118
macro avg,0.6704545454545454,0.65625,0.6421052631578947,272.0
weighted avg,0.6751336898395721,0.6470588235294118,0.6396284829721363,272.0
