,precision,recall,f1-score,support
True,0.7727272727272727,0.53125,0.6296296296296297,128.0
False,0.6739130434782609,0.8611111111111112,0.7560975609756099,144.0
accuracy,0.7058823529411765,0.7058823529411765,0.7058823529411765,0.7058823529411765
macro avg,0.7233201581027668,0.6961805555555556,0.6928635953026198,272.0
weighted avg,0.7204138572425017,0.7058823529411765,0.6965832403422074,272.0
