threshold,threshold_name
0.5,default
0.15226534765857952,optimal
0.5650604980403962,tpr
0.13042630851526016,tnr
