balanced_accuracy,pr_auc,roc_auc
0.6301040469421088,0.5671880003858801,0.6970993890266772
