,precision,recall,f1-score,support
True,0.4017857142857143,0.7377049180327869,0.5202312138728323,122.0
False,0.8106508875739645,0.5055350553505535,0.6227272727272728,271.0
accuracy,0.5776081424936387,0.5776081424936387,0.5776081424936387,0.5776081424936387
macro avg,0.6062183009298394,0.6216199866916703,0.5714792433000526,393.0
weighted avg,0.6837258210570013,0.5776081424936387,0.5909091577648257,393.0
