,precision,recall,f1-score,support
True,0.5350877192982456,0.5,0.5169491525423728,122.0
False,0.7813620071684588,0.8044280442804428,0.7927272727272727,271.0
accuracy,0.7099236641221374,0.7099236641221374,0.7099236641221374,0.7099236641221374
macro avg,0.6582248632333523,0.6522140221402214,0.6548382126348228,393.0
weighted avg,0.7049104470662552,0.7099236641221374,0.7071167621355227,393.0
