,precision,recall,f1-score,support
True,0.35555555555555557,0.9180327868852459,0.5125858123569794,122.0
False,0.8717948717948718,0.25092250922509224,0.38968481375358166,271.0
accuracy,0.4580152671755725,0.4580152671755725,0.4580152671755725,0.4580152671755725
macro avg,0.6136752136752137,0.5844776480551691,0.45113531305528054,393.0
weighted avg,0.7115373741327939,0.4580152671755725,0.4278372866024736,393.0
