,precision,recall,f1-score,support
True,0.6323529411764706,0.3524590163934426,0.45263157894736844,122.0
False,0.7569230769230769,0.9077490774907749,0.825503355704698,271.0
accuracy,0.7353689567430025,0.7353689567430025,0.7353689567430025,0.7353689567430025
macro avg,0.6946380090497737,0.6301040469421088,0.6390674673260333,393.0
weighted avg,0.7182524495411787,0.7353689567430025,0.7097518117749417,393.0
