threshold,threshold_name
0.5,default
0.038567553157832946,optimal
0.32139646370251346,tpr
0.10852431190427848,tnr
