balanced_accuracy,pr_auc,roc_auc
0.7430555555555556,0.8038615078250894,0.804470486111111
