,precision,recall,f1-score,support
True,0.5853658536585366,0.9375,0.7207207207207206,128.0
False,0.8805970149253731,0.4097222222222222,0.5592417061611374,144.0
accuracy,0.6580882352941176,0.6580882352941176,0.6580882352941176,0.6580882352941176
macro avg,0.7329814342919548,0.6736111111111112,0.6399812134409291,272.0
weighted avg,0.7416647037409794,0.6580882352941176,0.6352318306597649,272.0
