,precision,recall,f1-score,support
True,0.7521367521367521,0.6875,0.7183673469387755,128.0
False,0.7419354838709677,0.7986111111111112,0.7692307692307693,144.0
accuracy,0.7463235294117647,0.7463235294117647,0.7463235294117647,0.7463235294117647
macro avg,0.7470361180038599,0.7430555555555556,0.7437990580847724,272.0
weighted avg,0.7467360807019251,0.7463235294117647,0.7452950410933604,272.0
