,precision,recall,f1-score,support
True,0.6,0.84375,0.7012987012987012,128.0
False,0.782608695652174,0.5,0.6101694915254238,144.0
accuracy,0.6617647058823529,0.6617647058823529,0.6617647058823529,0.6617647058823529
macro avg,0.691304347826087,0.671875,0.6557340964120625,272.0
weighted avg,0.6966751918158568,0.6617647058823529,0.6530538255363778,272.0
