threshold,threshold_name
0.5,default
0.14955694482400253,optimal
0.7148291547401591,tpr
0.22541322402407818,tnr
