balanced_accuracy,pr_auc,roc_auc
0.7531968675654243,0.8368807184454158,0.8473062053925456
