,precision,recall,f1-score,support
True,0.6666666666666666,0.9326923076923077,0.7775551102204409,208.0
False,0.8738738738738738,0.5,0.6360655737704918,194.0
accuracy,0.7238805970149254,0.7238805970149254,0.7238805970149254,0.7238805970149254
macro avg,0.7702702702702702,0.7163461538461539,0.7068103419954663,402.0
weighted avg,0.7666621845726322,0.7238805970149254,0.7092740901426048,402.0
