,precision,recall,f1-score,support
True,0.8739495798319328,0.5,0.636085626911315,208.0
False,0.6325088339222615,0.9226804123711341,0.750524109014675,194.0
accuracy,0.7039800995024875,0.7039800995024875,0.7039800995024875,0.7039800995024875
macro avg,0.7532292068770972,0.711340206185567,0.693304867962995,402.0
weighted avg,0.7574333989700516,0.7039800995024875,0.6913121580756231,402.0
