,precision,recall,f1-score,support
True,0.7209302325581395,0.8942307692307693,0.7982832618025751,208.0
False,0.8472222222222222,0.6288659793814433,0.7218934911242603,194.0
accuracy,0.7661691542288557,0.7661691542288557,0.7661691542288557,0.7661691542288557
macro avg,0.7840762273901809,0.7615483743061062,0.7600883764634176,402.0
weighted avg,0.7818771131422988,0.7661691542288557,0.7614185465996073,402.0
