,precision,recall,f1-score,support
True,0.7967032967032966,0.6971153846153846,0.7435897435897436,208.0
False,0.7136363636363636,0.8092783505154639,0.7584541062801933,194.0
accuracy,0.7512437810945274,0.7512437810945274,0.7512437810945274,0.7512437810945274
macro avg,0.7551698301698302,0.7531968675654243,0.7510219249349684,402.0
weighted avg,0.7566162693028364,0.7512437810945274,0.7507630927488165,402.0
