threshold,threshold_name
0.5,default
0.2374422252178192,optimal
0.7562429904937744,tpr
0.1629016399383545,tnr
