balanced_accuracy,pr_auc,roc_auc
0.794062252180809,0.8750659157080138,0.8783083862014275
