,precision,recall,f1-score,support
True,0.9186991869918699,0.5432692307692307,0.6827794561933535,208.0
False,0.6594982078853047,0.9484536082474226,0.7780126849894291,194.0
accuracy,0.7388059701492538,0.7388059701492538,0.7388059701492538,0.7388059701492538
macro avg,0.7890986974385873,0.7458614195083266,0.7303960705913912,402.0
weighted avg,0.7936121473235275,0.7388059701492538,0.7287377805377282,402.0
