,precision,recall,f1-score,support
True,0.6677966101694915,0.9471153846153846,0.7833001988071571,208.0
False,0.897196261682243,0.4948453608247423,0.6378737541528239,194.0
accuracy,0.7288557213930348,0.7288557213930348,0.7288557213930348,0.7288557213930348
macro avg,0.7824964359258673,0.7209803727200634,0.7105869764799905,402.0
weighted avg,0.778501914630869,0.7288557213930348,0.713119277755066,402.0
