,precision,recall,f1-score,support
True,0.7591836734693878,0.8942307692307693,0.8211920529801324,208.0
False,0.8598726114649682,0.6958762886597938,0.7692307692307693,194.0
accuracy,0.7985074626865671,0.7985074626865671,0.7985074626865671,0.7985074626865671
macro avg,0.809528142467178,0.7950535289452816,0.7952114111054509,402.0
weighted avg,0.8077748525020808,0.7985074626865671,0.7961162095786984,402.0
