,precision,recall,f1-score,support
True,0.8140703517587939,0.7788461538461539,0.796068796068796,208.0
False,0.7733990147783252,0.8092783505154639,0.7909319899244333,194.0
accuracy,0.7935323383084577,0.7935323383084577,0.7935323383084577,0.7935323383084577
macro avg,0.7937346832685596,0.794062252180809,0.7935003929966147,402.0
weighted avg,0.7944428906289159,0.7935323383084577,0.7935898398697753,402.0
