threshold,threshold_name
0.5,default
0.31182127155072203,optimal
0.7319004535508308,tpr
0.1934918326751653,tnr
