balanced_accuracy,pr_auc,roc_auc
0.6558159722222222,0.7547808712820044,0.7691514756944444
