,precision,recall,f1-score,support
True,0.6043956043956044,0.859375,0.7096774193548386,128.0
False,0.8,0.5,0.6153846153846154,144.0
accuracy,0.6691176470588235,0.6691176470588235,0.6691176470588235,0.6691176470588235
macro avg,0.7021978021978021,0.6796875,0.662531017369727,272.0
weighted avg,0.707950872656755,0.6691176470588235,0.6597576996058969,272.0
