,precision,recall,f1-score,support
True,0.6086956521739131,0.875,0.717948717948718,128.0
False,0.8181818181818182,0.5,0.6206896551724137,144.0
accuracy,0.6764705882352942,0.6764705882352942,0.6764705882352942,0.6764705882352942
macro avg,0.7134387351778657,0.6875,0.6693191865605659,272.0
weighted avg,0.7196000930016275,0.6764705882352942,0.6664586258906745,272.0
