,precision,recall,f1-score,support
True,0.7638888888888888,0.4296875,0.5499999999999999,128.0
False,0.635,0.8819444444444444,0.7383720930232558,144.0
accuracy,0.6691176470588235,0.6691176470588235,0.6691176470588235,0.6691176470588235
macro avg,0.6994444444444444,0.6558159722222222,0.6441860465116278,272.0
weighted avg,0.6956535947712418,0.6691176470588235,0.6497264021887824,272.0
