,precision,recall,f1-score,support
True,0.7441860465116279,0.5,0.5981308411214953,128.0
False,0.6559139784946236,0.8472222222222222,0.7393939393939394,144.0
accuracy,0.6838235294117647,0.6838235294117647,0.6838235294117647,0.6838235294117647
macro avg,0.7000500125031257,0.6736111111111112,0.6687623902577173,272.0
weighted avg,0.6974537752085079,0.6838235294117647,0.6729171872657304,272.0
