threshold,threshold_name
0.5,default
0.3442220369207071,optimal
0.4899581542533838,tpr
0.3499157666096484,tnr
