balanced_accuracy,pr_auc,roc_auc
0.5,0.5870125502517821,0.7180297622648357
