,precision,recall,f1-score,support
True,0.40350877192982454,0.7540983606557377,0.5257142857142857,122.0
False,0.8181818181818182,0.4981549815498155,0.6192660550458716,271.0
accuracy,0.5776081424936387,0.5776081424936387,0.5776081424936387,0.5776081424936387
macro avg,0.6108452950558214,0.6261266711027766,0.5724901703800787,393.0
weighted avg,0.6894537987346344,0.5776081424936387,0.5902245388666006,393.0
