,precision,recall,f1-score,support
True,0.369281045751634,0.9262295081967213,0.5280373831775701,122.0
False,0.896551724137931,0.2878228782287823,0.43575418994413406,271.0
accuracy,0.4860050890585242,0.4860050890585242,0.4860050890585242,0.4860050890585242
macro avg,0.6329163849447825,0.6070261932127519,0.4818957865608521,393.0
weighted avg,0.732869732374246,0.4860050890585242,0.46440189878504806,393.0
