,precision,recall,f1-score,support
True,0.5391304347826087,0.5081967213114754,0.5232067510548524,122.0
False,0.7841726618705036,0.8044280442804428,0.7941712204007285,271.0
accuracy,0.712468193384224,0.712468193384224,0.712468193384224,0.712468193384224
macro avg,0.6616515483265561,0.6563123827959592,0.6586889857277904,393.0
weighted avg,0.70810357356332,0.712468193384224,0.7100550238098967,393.0
