threshold,threshold_name
0.5,default
0.18484024377973715,optimal
0.2909460552918862,tpr
0.22287928575332702,tnr
