balanced_accuracy,pr_auc,roc_auc
0.7029143536875495,0.7803411934621978,0.7650426249008724
