,precision,recall,f1-score,support
True,0.6360153256704981,0.7980769230769231,0.7078891257995736,208.0
False,0.7021276595744681,0.5103092783505154,0.591044776119403,194.0
accuracy,0.6592039800995025,0.6592039800995025,0.6592039800995025,0.6592039800995025
macro avg,0.6690714926224831,0.6541931007137193,0.6494669509594884,402.0
weighted avg,0.6679202828281354,0.6592039800995025,0.6515015540633717,402.0
