,precision,recall,f1-score,support
True,0.8492063492063492,0.5144230769230769,0.6407185628742516,208.0
False,0.6340579710144928,0.9020618556701031,0.7446808510638299,194.0
accuracy,0.7014925373134329,0.7014925373134329,0.7014925373134329,0.7014925373134329
macro avg,0.741632160110421,0.70824246629659,0.6926997069690407,402.0
weighted avg,0.7453785249048065,0.7014925373134329,0.6908894183687246,402.0
