,precision,recall,f1-score,support
True,0.8307692307692308,0.5192307692307693,0.6390532544378699,208.0
False,0.6323529411764706,0.8865979381443299,0.7381974248927038,194.0
accuracy,0.6965174129353234,0.6965174129353234,0.6965174129353234,0.6965174129353234
macro avg,0.7315610859728507,0.7029143536875495,0.6886253396652868,402.0
weighted avg,0.7350160959906351,0.6965174129353234,0.6868989486374665,402.0
