,precision,recall,f1-score,support
True,0.6653061224489796,0.7836538461538461,0.7196467991169978,208.0
False,0.7133757961783439,0.5773195876288659,0.6381766381766381,194.0
accuracy,0.6840796019900498,0.6840796019900498,0.6840796019900498,0.6840796019900498
macro avg,0.6893409593136617,0.680486716891356,0.6789117186468179,402.0
weighted avg,0.6885039251939962,0.6840796019900498,0.680330353290058,402.0
