threshold,threshold_name
0.5,default
0.3580699872752903,optimal
0.5055387821090886,tpr
0.31708950060016344,tnr
