balanced_accuracy,pr_auc,roc_auc
0.6243723912648962,0.6300137788812797,0.7730324844232048
