,precision,recall,f1-score,support
True,0.6909090909090909,0.3114754098360656,0.4293785310734463,122.0
False,0.7514792899408284,0.9372693726937269,0.8341543513957307,271.0
accuracy,0.7430025445292621,0.7430025445292621,0.7430025445292621,0.7430025445292621
macro avg,0.7211941904249597,0.6243723912648962,0.6317664412345885,393.0
weighted avg,0.7326763273915359,0.7430025445292621,0.7084987532295255,393.0
