,precision,recall,f1-score,support
True,0.42616033755274263,0.8278688524590164,0.5626740947075209,122.0
False,0.8653846153846154,0.4981549815498155,0.6323185011709602,271.0
accuracy,0.6005089058524173,0.6005089058524173,0.6005089058524173,0.6005089058524173
macro avg,0.645772476468679,0.663011917004416,0.5974962979392406,393.0
weighted avg,0.7290350940220492,0.6005089058524173,0.6106986090881623,393.0
