,precision,recall,f1-score,support
True,0.3958333333333333,0.9344262295081968,0.5560975609756097,122.0
False,0.9238095238095239,0.35793357933579334,0.5159574468085106,271.0
accuracy,0.5368956743002544,0.5368956743002544,0.5368956743002544,0.5368956743002544
macro avg,0.6598214285714286,0.646179904421995,0.5360275038920601,393.0
weighted avg,0.759908518114625,0.5368956743002544,0.5284182456084752,393.0
