,precision,recall,f1-score,support
True,0.648936170212766,0.5,0.5648148148148148,122.0
False,0.7959866220735786,0.8782287822878229,0.8350877192982455,271.0
accuracy,0.7608142493638677,0.7608142493638677,0.7608142493638677,0.7608142493638677
macro avg,0.7224613961431723,0.6891143911439115,0.6999512670565302,393.0
weighted avg,0.750337372386507,0.7608142493638677,0.7511862069649667,393.0
