threshold,threshold_name
0.5,default
0.11693536266133876,optimal
0.35032178998847646,tpr
0.14384613040774544,tnr
