balanced_accuracy,pr_auc,roc_auc
0.6158854166666667,0.7147596866526466,0.756130642361111
