,precision,recall,f1-score,support
True,0.7413793103448276,0.3359375,0.46236559139784944,128.0
False,0.602803738317757,0.8958333333333334,0.7206703910614525,144.0
accuracy,0.6323529411764706,0.6323529411764706,0.6323529411764706,0.6323529411764706
macro avg,0.6720915243312924,0.6158854166666667,0.591517991229651,272.0
weighted avg,0.6680157722128491,0.6323529411764706,0.5991151912197569,272.0
