,precision,recall,f1-score,support
True,0.6947368421052632,0.515625,0.5919282511210764,128.0
False,0.6497175141242938,0.7986111111111112,0.7165109034267912,144.0
accuracy,0.6654411764705882,0.6654411764705882,0.6654411764705882,0.6654411764705882
macro avg,0.6722271781147785,0.6571180555555556,0.6542195772739339,272.0
weighted avg,0.6709030802329853,0.6654411764705882,0.6578837729299842,272.0
