,precision,recall,f1-score,support
True,0.6022099447513812,0.8515625,0.7055016181229773,128.0
False,0.7912087912087912,0.5,0.6127659574468085,144.0
accuracy,0.6654411764705882,0.6654411764705882,0.6654411764705882,0.6654411764705882
macro avg,0.6967093679800862,0.67578125,0.6591337877848928,272.0
weighted avg,0.7022681575817747,0.6654411764705882,0.6564062683532409,272.0
