,precision,recall,f1-score,support
True,0.6583850931677019,0.828125,0.7335640138408304,128.0
False,0.8018018018018018,0.6180555555555556,0.6980392156862745,144.0
accuracy,0.7169117647058824,0.7169117647058824,0.7169117647058824,0.7169117647058824
macro avg,0.7300934474847518,0.7230902777777778,0.7158016147635524,272.0
weighted avg,0.7343115859739902,0.7169117647058824,0.7147567677590068,272.0
