threshold,threshold_name
0.5,default
0.38950752108658093,optimal
0.4693283116267524,tpr
0.35663269256406216,tnr
