balanced_accuracy,pr_auc,roc_auc
0.7291666666666667,0.7875392085869726,0.8269856770833335
