,precision,recall,f1-score,support
True,0.6243386243386243,0.921875,0.7444794952681388,128.0
False,0.8795180722891566,0.5069444444444444,0.6431718061674008,144.0
accuracy,0.7022058823529411,0.7022058823529411,0.7022058823529411,0.7022058823529411
macro avg,0.7519283483138904,0.7144097222222222,0.6938256507177698,272.0
weighted avg,0.7594336261947885,0.7022058823529411,0.6908460128030423,272.0
