,precision,recall,f1-score,support
True,0.8354430379746836,0.515625,0.6376811594202899,128.0
False,0.6787564766839378,0.9097222222222222,0.7774480712166173,144.0
accuracy,0.7242647058823529,0.7242647058823529,0.7242647058823529,0.7242647058823529
macro avg,0.7570997573293107,0.7126736111111112,0.7075646153184536,272.0
weighted avg,0.7524913290560535,0.7242647058823529,0.711675406841875,272.0
