,precision,recall,f1-score,support
True,0.6647398843930635,0.8984375,0.7641196013289036,128.0
False,0.8686868686868687,0.5972222222222222,0.7078189300411524,144.0
accuracy,0.7389705882352942,0.7389705882352942,0.7389705882352942,0.7389705882352942
macro avg,0.7667133765399661,0.7478298611111112,0.735969265685028,272.0
weighted avg,0.7727118172544898,0.7389705882352942,0.7343133635883293,272.0
