threshold,threshold_name
0.5,default
0.1949319690465927,optimal
0.6409257650375366,tpr
0.1473599076271057,tnr
