balanced_accuracy,pr_auc,roc_auc
0.7796639571768438,0.8591227124602987,0.8643933386201427
