,precision,recall,f1-score,support
True,0.8597560975609756,0.6778846153846154,0.7580645161290323,208.0
False,0.7184873949579832,0.8814432989690721,0.7916666666666666,194.0
accuracy,0.7761194029850746,0.7761194029850746,0.7761194029850746,0.7761194029850746
macro avg,0.7891217462594794,0.7796639571768438,0.7748655913978495,402.0
weighted avg,0.7915816490411235,0.7761194029850746,0.774280479323811,402.0
