,precision,recall,f1-score,support
True,0.9396551724137931,0.5240384615384616,0.6728395061728395,208.0
False,0.6538461538461539,0.9639175257731959,0.7791666666666667,194.0
accuracy,0.736318407960199,0.736318407960199,0.736318407960199,0.736318407960199
macro avg,0.7967506631299734,0.7439779936558287,0.7260030864197531,402.0
weighted avg,0.8017274370851314,0.736318407960199,0.7241516184509551,402.0
