,precision,recall,f1-score,support
True,0.6746575342465754,0.9471153846153846,0.788,208.0
False,0.9,0.5103092783505154,0.6513157894736843,194.0
accuracy,0.736318407960199,0.736318407960199,0.736318407960199,0.736318407960199
macro avg,0.7873287671232877,0.72871233148295,0.7196578947368422,402.0
weighted avg,0.7834048933415116,0.736318407960199,0.7220379680544645,402.0
