,precision,recall,f1-score,support
True,0.6877192982456141,0.9423076923076923,0.7951318458417849,208.0
False,0.8974358974358975,0.5412371134020618,0.6752411575562701,194.0
accuracy,0.7487562189054726,0.7487562189054726,0.7487562189054726,0.7487562189054726
macro avg,0.7925775978407558,0.7417724028548771,0.7351865016990276,402.0
weighted avg,0.7889258162628154,0.7487562189054726,0.7372741505000191,402.0
