threshold,threshold_name
0.5,default
0.1179980033078774,optimal
0.7355542769972215,tpr
0.10367468845359439,tnr
