balanced_accuracy,pr_auc,roc_auc
0.6864343774781919,0.8121323926643087,0.77046986518636
