,precision,recall,f1-score,support
True,0.6297709923664122,0.7932692307692307,0.7021276595744681,208.0
False,0.6928571428571428,0.5,0.5808383233532934,194.0
accuracy,0.6517412935323383,0.6517412935323383,0.6517412935323383,0.6517412935323383
macro avg,0.6613140676117775,0.6466346153846154,0.6414829914638808,402.0
weighted avg,0.6602155525534813,0.6517412935323383,0.6435949948309161,402.0
