,precision,recall,f1-score,support
True,0.8319327731092437,0.47596153846153844,0.6055045871559632,208.0
False,0.6148409893992933,0.8969072164948454,0.7295597484276729,194.0
accuracy,0.6791044776119403,0.6791044776119403,0.6791044776119403,0.6791044776119403
macro avg,0.7233868812542685,0.6864343774781919,0.667532167791818,402.0
weighted avg,0.7271670864432478,0.6791044776119403,0.6653720032920619,402.0
