,precision,recall,f1-score,support
True,0.6707818930041153,0.7836538461538461,0.7228381374722839,208.0
False,0.7169811320754716,0.5876288659793815,0.6458923512747875,194.0
accuracy,0.6890547263681592,0.6890547263681592,0.6890547263681592,0.6890547263681592
macro avg,0.6938815125397935,0.6856413560666138,0.6843652443735357,402.0
weighted avg,0.6930770481778545,0.6890547263681592,0.6857050963719995,402.0
