threshold,threshold_name
0.5,default
0.374230301763301,optimal
0.49149720053637425,tpr
0.33460757022432774,tnr
