balanced_accuracy,pr_auc,roc_auc
0.7451427438540841,0.8102991498304071,0.8339611419508327
