,precision,recall,f1-score,support
True,0.6678321678321678,0.9182692307692307,0.7732793522267207,208.0
False,0.853448275862069,0.5103092783505154,0.6387096774193548,194.0
accuracy,0.7213930348258707,0.7213930348258707,0.7213930348258707,0.7213930348258707
macro avg,0.7606402218471184,0.7142892545598731,0.7059945148230378,402.0
weighted avg,0.7574081005630156,0.7213930348258707,0.7083377678669471,402.0
