,precision,recall,f1-score,support
True,0.6962962962962963,0.9038461538461539,0.7866108786610879,208.0
False,0.8484848484848485,0.5773195876288659,0.6871165644171779,194.0
accuracy,0.746268656716418,0.746268656716418,0.746268656716418,0.746268656716418
macro avg,0.7723905723905724,0.74058287073751,0.7368637215391329,402.0
weighted avg,0.7697405229743538,0.746268656716418,0.7385962095981065,402.0
