,precision,recall,f1-score,support
True,0.8503937007874016,0.5192307692307693,0.6447761194029851,208.0
False,0.6363636363636364,0.9020618556701031,0.746268656716418,194.0
accuracy,0.7039800995024875,0.7039800995024875,0.7039800995024875,0.7039800995024875
macro avg,0.743378668575519,0.7106463124504362,0.6955223880597015,402.0
weighted avg,0.7471055602445895,0.7039800995024875,0.6937551050716567,402.0
