,precision,recall,f1-score,support
True,0.825,0.6346153846153846,0.717391304347826,208.0
False,0.6859504132231405,0.8556701030927835,0.761467889908257,194.0
accuracy,0.7412935323383084,0.7412935323383084,0.7412935323383084,0.7412935323383084
macro avg,0.7554752066115702,0.7451427438540841,0.7394295971280416,402.0
weighted avg,0.7578964680728587,0.7412935323383084,0.7386620943944022,402.0
