threshold,threshold_name
0.5,default
0.1965866445620366,optimal
0.6004837122212358,tpr
0.17285951639733732,tnr
