balanced_accuracy,pr_auc,roc_auc
0.7982008326724822,0.8463610300452414,0.8715677042030135
