,precision,recall,f1-score,support
True,0.8991596638655462,0.5144230769230769,0.6544342507645259,208.0
False,0.6431095406360424,0.9381443298969072,0.7631027253668764,194.0
accuracy,0.7189054726368159,0.7189054726368159,0.7189054726368159,0.7189054726368159
macro avg,0.7711346022507943,0.726283703409992,0.7087684880657011,402.0
weighted avg,0.775593186486134,0.7189054726368159,0.7068762509457598,402.0
