,precision,recall,f1-score,support
True,0.6711864406779661,0.9519230769230769,0.7872763419483101,208.0
False,0.9065420560747663,0.5,0.6445182724252492,194.0
accuracy,0.7338308457711443,0.7338308457711443,0.7338308457711443,0.7338308457711443
macro avg,0.7888642483763662,0.7259615384615384,0.7158973071867796,402.0
weighted avg,0.7847660162674667,0.7338308457711443,0.7183831442182758,402.0
