,precision,recall,f1-score,support
True,0.7060931899641577,0.9471153846153846,0.8090349075975358,208.0
False,0.9105691056910569,0.5773195876288659,0.7066246056782334,194.0
accuracy,0.7686567164179104,0.7686567164179104,0.7686567164179104,0.7686567164179104
macro avg,0.8083311478276073,0.7622174861221253,0.7578297566378847,402.0
weighted avg,0.8047706219318653,0.7686567164179104,0.7596130206016536,402.0
