,precision,recall,f1-score,support
True,0.85,0.7355769230769231,0.7886597938144331,208.0
False,0.7522522522522522,0.8608247422680413,0.8028846153846154,194.0
accuracy,0.7960199004975125,0.7960199004975125,0.7960199004975125,0.7960199004975125
macro avg,0.8011261261261261,0.7982008326724822,0.7957722045995242,402.0
weighted avg,0.8028282013356639,0.7960199004975125,0.7955245087015359,402.0
