threshold,threshold_name
0.5,default
0.20142603911568124,optimal
0.7111421700839041,tpr
0.1736528015053598,tnr
