balanced_accuracy,pr_auc,roc_auc
0.6870659722222222,0.7452829333073838,0.7938910590277778
