,precision,recall,f1-score,support
True,0.6514285714285715,0.890625,0.7524752475247525,128.0
False,0.8556701030927835,0.5763888888888888,0.6887966804979252,144.0
accuracy,0.7242647058823529,0.7242647058823529,0.7242647058823529,0.7242647058823529
macro avg,0.7535493372606774,0.7335069444444444,0.7206359640113389,272.0
weighted avg,0.7595564411331542,0.7242647058823529,0.7187630649811381,272.0
