,precision,recall,f1-score,support
True,0.7674418604651163,0.515625,0.616822429906542,128.0
False,0.6666666666666666,0.8611111111111112,0.7515151515151516,144.0
accuracy,0.6985294117647058,0.6985294117647058,0.6985294117647058,0.6985294117647058
macro avg,0.7170542635658914,0.6883680555555556,0.6841687907108468,272.0
weighted avg,0.7140902872777017,0.6985294117647058,0.6881303413463942,272.0
