,precision,recall,f1-score,support
True,0.7319587628865979,0.5546875,0.6311111111111111,128.0
False,0.6742857142857143,0.8194444444444444,0.7398119122257054,144.0
accuracy,0.6948529411764706,0.6948529411764706,0.6948529411764706,0.6948529411764706
macro avg,0.7031222385861561,0.6870659722222222,0.6854615116684082,272.0
weighted avg,0.7014259724508359,0.6948529411764706,0.6886585940541315,272.0
