threshold,threshold_name
0.5,default
0.1368168741464615,optimal
0.5551664233207703,tpr
0.09646382927894592,tnr
