balanced_accuracy,pr_auc,roc_auc
0.71875,0.7917273094500062,0.805908203125
