,precision,recall,f1-score,support
True,0.6420454545454546,0.8828125,0.743421052631579,128.0
False,0.84375,0.5625,0.675,144.0
accuracy,0.7132352941176471,0.7132352941176471,0.7132352941176471,0.7132352941176471
macro avg,0.7428977272727273,0.72265625,0.7092105263157895,272.0
weighted avg,0.7488302139037434,0.7132352941176471,0.7071981424148608,272.0
