,precision,recall,f1-score,support
True,0.7476635514018691,0.625,0.6808510638297872,128.0
False,0.7090909090909091,0.8125,0.7572815533980584,144.0
accuracy,0.7242647058823529,0.7242647058823529,0.7242647058823529,0.7242647058823529
macro avg,0.7283772302463891,0.71875,0.7190663086139228,272.0
weighted avg,0.727242740766655,0.7242647058823529,0.7213142641894602,272.0
