,precision,recall,f1-score,support
True,0.7701149425287356,0.5234375,0.6232558139534884,128.0
False,0.6702702702702703,0.8611111111111112,0.7537993920972644,144.0
accuracy,0.7022058823529411,0.7022058823529411,0.7022058823529411,0.7022058823529411
macro avg,0.720192606399503,0.6922743055555556,0.6885276030253764,272.0
weighted avg,0.717255998391901,0.7022058823529411,0.6923671200296051,272.0
