threshold,threshold_name
0.5,default
0.1648392677307129,optimal
0.5764102935791016,tpr
0.1562730073928833,tnr
