balanced_accuracy,pr_auc,roc_auc
0.7760210150674068,0.8843757166704272,0.8816787272006344
