,precision,recall,f1-score,support
True,0.7864077669902912,0.7788461538461539,0.782608695652174,208.0
False,0.7653061224489796,0.7731958762886598,0.7692307692307693,194.0
accuracy,0.7761194029850746,0.7761194029850746,0.7761194029850746,0.7761194029850746
macro avg,0.7758569447196354,0.7760210150674068,0.7759197324414716,402.0
weighted avg,0.7762243862912503,0.7761194029850746,0.7761526814090085,402.0
