,precision,recall,f1-score,support
True,0.6689419795221843,0.9423076923076923,0.782435129740519,208.0
False,0.8899082568807339,0.5,0.6402640264026402,194.0
accuracy,0.7288557213930348,0.7288557213930348,0.7288557213930348,0.7288557213930348
macro avg,0.7794251182014591,0.7211538461538461,0.7113495780715796,402.0
weighted avg,0.7755774467051658,0.7288557213930348,0.713825194298856,402.0
