,precision,recall,f1-score,support
True,0.7805907172995781,0.8894230769230769,0.8314606741573033,208.0
False,0.8606060606060606,0.7319587628865979,0.7910863509749303,194.0
accuracy,0.8134328358208955,0.8134328358208955,0.8134328358208955,0.8134328358208955
macro avg,0.8205983889528193,0.8106909199048373,0.8112735125661168,402.0
weighted avg,0.8192050869549452,0.8134328358208955,0.8119765480444168,402.0
