,precision,recall,f1-score,support
True,0.9426229508196722,0.5528846153846154,0.696969696969697,208.0
False,0.6678571428571428,0.9639175257731959,0.7890295358649788,194.0
accuracy,0.7512437810945274,0.7512437810945274,0.7512437810945274,0.7512437810945274
macro avg,0.8052400468384076,0.7584010705789057,0.7429996164173379,402.0
weighted avg,0.8100245260815361,0.7512437810945274,0.7413965843967733,402.0
