threshold,threshold_name
0.5,default
0.3701320290565491,optimal
0.7927048206329346,tpr
0.18889360129833221,tnr
