balanced_accuracy,pr_auc,roc_auc
0.6071623011312081,0.5910992362797698,0.7385820579517272
