,precision,recall,f1-score,support
True,0.7111111111111111,0.26229508196721313,0.3832335329341318,122.0
False,0.7413793103448276,0.9520295202952029,0.8336025848142165,271.0
accuracy,0.7379134860050891,0.7379134860050891,0.7379134860050891,0.7379134860050891
macro avg,0.7262452107279693,0.6071623011312081,0.6084180588741741,393.0
weighted avg,0.7319830754682032,0.7379134860050891,0.6937933626020782,393.0
