,precision,recall,f1-score,support
True,0.41935483870967744,0.8524590163934426,0.5621621621621622,122.0
False,0.8758620689655172,0.46863468634686345,0.6105769230769231,271.0
accuracy,0.5877862595419847,0.5877862595419847,0.5877862595419847,0.5877862595419847
macro avg,0.6476084538375974,0.660546851370153,0.5863695426195427,393.0
weighted avg,0.7341473562652311,0.5877862595419847,0.5955474044214503,393.0
