,precision,recall,f1-score,support
True,0.4206008583690987,0.8032786885245902,0.5521126760563381,122.0
False,0.85,0.5018450184501845,0.6310904872389791,271.0
accuracy,0.5954198473282443,0.5954198473282443,0.5954198473282443,0.5954198473282443
macro avg,0.6353004291845493,0.6525618534873874,0.5916015816476585,393.0
weighted avg,0.7167005209186516,0.5954198473282443,0.6065732023425867,393.0
