threshold,threshold_name
0.5,default
0.10604779912508192,optimal
0.2606356850703801,tpr
0.12211120753178946,tnr
