balanced_accuracy,pr_auc,roc_auc
0.7213541666666667,0.7933601931675001,0.8217773437500001
