,precision,recall,f1-score,support
True,0.7647058823529411,0.609375,0.6782608695652174,128.0
False,0.7058823529411765,0.8333333333333334,0.7643312101910827,144.0
accuracy,0.7279411764705882,0.7279411764705882,0.7279411764705882,0.7279411764705882
macro avg,0.7352941176470589,0.7213541666666667,0.72129603987815,272.0
weighted avg,0.7335640138408305,0.7279411764705882,0.7238275204847932,272.0
