,precision,recall,f1-score,support
True,0.7926829268292683,0.5078125,0.6190476190476191,128.0
False,0.6684210526315789,0.8819444444444444,0.7604790419161677,144.0
accuracy,0.7058823529411765,0.7058823529411765,0.7058823529411765,0.7058823529411765
macro avg,0.7305519897304236,0.6948784722222222,0.6897633304818933,272.0
weighted avg,0.7268972287246092,0.7058823529411765,0.6939230782133212,272.0
