,precision,recall,f1-score,support
True,0.6942675159235668,0.8515625,0.7649122807017543,128.0
False,0.8347826086956521,0.6666666666666666,0.7413127413127412,144.0
accuracy,0.7536764705882353,0.7536764705882353,0.7536764705882353,0.7536764705882353
macro avg,0.7645250623096095,0.7591145833333333,0.7531125110072477,272.0
weighted avg,0.7686578591558473,0.7536764705882353,0.7524184069075709,272.0
