,precision,recall,f1-score,support
True,0.6084656084656085,0.8984375,0.7255520504731862,128.0
False,0.8433734939759037,0.4861111111111111,0.6167400881057269,144.0
accuracy,0.6801470588235294,0.6801470588235294,0.6801470588235294,0.6801470588235294
macro avg,0.7259195512207561,0.6922743055555556,0.6711460692894565,272.0
weighted avg,0.7328286066769413,0.6801470588235294,0.6679457174551195,272.0
