threshold,threshold_name
0.5,default
0.301777332975396,optimal
0.60764352593298,tpr
0.2293472151549831,tnr
