balanced_accuracy,pr_auc,roc_auc
0.6397374629484,0.6010463525427346,0.7519660032665901
