,precision,recall,f1-score,support
True,0.41702127659574467,0.8032786885245902,0.5490196078431373,122.0
False,0.8481012658227848,0.4944649446494465,0.6247086247086246,271.0
accuracy,0.5903307888040712,0.5903307888040712,0.5903307888040712,0.5903307888040712
macro avg,0.6325612712092648,0.6488718165870183,0.586864116275881,393.0
weighted avg,0.7142799969024313,0.5903307888040712,0.6012122886842239,393.0
