,precision,recall,f1-score,support
True,0.6530612244897959,0.5245901639344263,0.5818181818181818,122.0
False,0.8033898305084746,0.8745387453874539,0.8374558303886926,271.0
accuracy,0.7659033078880407,0.7659033078880407,0.7659033078880407,0.7659033078880407
macro avg,0.7282255274991352,0.6995644546609401,0.7096370061034372,393.0
weighted avg,0.7567229350014038,0.7659033078880407,0.7580975781606969,393.0
