,precision,recall,f1-score,support
True,0.39855072463768115,0.9016393442622951,0.5527638190954774,122.0
False,0.8974358974358975,0.3874538745387454,0.5412371134020619,271.0
accuracy,0.5470737913486005,0.5470737913486005,0.5470737913486005,0.5470737913486005
macro avg,0.6479933110367893,0.6445466094005202,0.5470004662487697,393.0
weighted avg,0.7425656911219474,0.5470737913486005,0.5448153782738093,393.0
