threshold,threshold_name
0.5,default
0.08371386677026749,optimal
0.3898922801017761,tpr
0.13387355208396912,tnr
