balanced_accuracy,pr_auc,roc_auc
0.5,0.5843111299852026,0.7198294114088682
