,precision,recall,f1-score,support
True,0.5384615384615384,0.5163934426229508,0.5271966527196652,122.0
False,0.7862318840579711,0.8007380073800738,0.793418647166362,271.0
accuracy,0.712468193384224,0.712468193384224,0.712468193384224,0.712468193384224
macro avg,0.6623467112597548,0.6585657250015123,0.6603076499430136,393.0
weighted avg,0.7093158989109869,0.712468193384224,0.7107746692465223,393.0
