,precision,recall,f1-score,support
True,0.4192139737991266,0.7868852459016393,0.547008547008547,122.0
False,0.8414634146341463,0.5092250922509225,0.6344827586206896,271.0
accuracy,0.5954198473282443,0.5954198473282443,0.5954198473282443,0.5954198473282443
macro avg,0.6303386942166365,0.6480551690762809,0.5907456528146182,393.0
weighted avg,0.7103834355454124,0.5954198473282443,0.6073279143034341,393.0
