,precision,recall,f1-score,support
True,0.391304347826087,0.8852459016393442,0.542713567839196,122.0
False,0.8803418803418803,0.3800738007380074,0.5309278350515465,271.0
accuracy,0.5368956743002544,0.5368956743002544,0.5368956743002544,0.5368956743002544
macro avg,0.6358231140839836,0.6326598511886758,0.5368207014453712,393.0
weighted avg,0.7285287023089877,0.5368956743002544,0.5345865103698498,393.0
