threshold,threshold_name
0.5,default
0.20541849910074325,optimal
0.2925085426752792,tpr
0.22536859898608458,tnr
