balanced_accuracy,pr_auc,roc_auc
0.7147601110229976,0.7942942467660934,0.764274385408406
