,precision,recall,f1-score,support
True,0.6708333333333333,0.7740384615384616,0.71875,208.0
False,0.7098765432098766,0.5927835051546392,0.646067415730337,194.0
accuracy,0.6865671641791045,0.6865671641791045,0.6865671641791045,0.6865671641791045
macro avg,0.690354938271605,0.6834109833465504,0.6824087078651685,402.0
weighted avg,0.6896750813832073,0.6865671641791045,0.6836743250041925,402.0
