,precision,recall,f1-score,support
True,0.8359375,0.5144230769230769,0.6369047619047619,208.0
False,0.6313868613138686,0.8917525773195877,0.7393162393162394,194.0
accuracy,0.6965174129353234,0.6965174129353234,0.6965174129353234,0.6965174129353234
macro avg,0.7336621806569343,0.7030878271213323,0.6881105006105006,402.0
weighted avg,0.7372240076987325,0.6965174129353234,0.6863272161779626,402.0
