,precision,recall,f1-score,support
True,0.632183908045977,0.7932692307692307,0.7036247334754797,208.0
False,0.6950354609929078,0.5051546391752577,0.5850746268656717,194.0
accuracy,0.654228855721393,0.654228855721393,0.654228855721393,0.654228855721393
macro avg,0.6636096845194424,0.6492119349722443,0.6443496801705757,402.0
weighted avg,0.6625152544930033,0.654228855721393,0.6464139855095524,402.0
