,precision,recall,f1-score,support
True,0.8321167883211679,0.5480769230769231,0.6608695652173914,208.0
False,0.6452830188679245,0.8814432989690721,0.7450980392156862,194.0
accuracy,0.7089552238805971,0.7089552238805971,0.7089552238805971,0.7089552238805971
macro avg,0.7386999035945462,0.7147601110229976,0.7029838022165388,402.0
weighted avg,0.7419532279382595,0.7089552238805971,0.7015171372464192,402.0
