threshold,threshold_name
0.5,default
0.3697828177066054,optimal
0.5114068548112055,tpr
0.32643790254659133,tnr
