balanced_accuracy,pr_auc,roc_auc
0.6879340277777778,0.7587193184872258,0.7846137152777778
