,precision,recall,f1-score,support
True,0.6432748538011696,0.859375,0.7357859531772574,128.0
False,0.8217821782178217,0.5763888888888888,0.6775510204081633,144.0
accuracy,0.7095588235294118,0.7095588235294118,0.7095588235294118,0.7095588235294118
macro avg,0.7325285160094956,0.7178819444444444,0.7066684867927103,272.0
weighted avg,0.7377787314335148,0.7095588235294118,0.7049556946524429,272.0
