,precision,recall,f1-score,support
True,0.8507462686567164,0.4453125,0.5846153846153845,128.0
False,0.6536585365853659,0.9305555555555556,0.7679083094555875,144.0
accuracy,0.7022058823529411,0.7022058823529411,0.7022058823529411,0.7022058823529411
macro avg,0.7522024026210412,0.6879340277777778,0.676261847035486,272.0
weighted avg,0.7464057046189426,0.7022058823529411,0.681652815413139,272.0
