,precision,recall,f1-score,support
True,0.5978260869565217,0.859375,0.7051282051282052,128.0
False,0.7954545454545454,0.4861111111111111,0.603448275862069,144.0
accuracy,0.6617647058823529,0.6617647058823529,0.6617647058823529,0.6617647058823529
macro avg,0.6966403162055336,0.6727430555555556,0.6542882404951371,272.0
weighted avg,0.7024529179260637,0.6617647058823529,0.6512976543402507,272.0
