threshold,threshold_name
0.5,default
0.17302458852803207,optimal
0.4509270713525949,tpr
0.1438829166868325,tnr
