balanced_accuracy,pr_auc,roc_auc
0.7700237906423473,0.8471889235170755,0.8422011300555116
