,precision,recall,f1-score,support
True,0.726530612244898,0.8557692307692307,0.7858719646799118,208.0
False,0.8089171974522293,0.654639175257732,0.7236467236467238,194.0
accuracy,0.7587064676616916,0.7587064676616916,0.7587064676616916,0.7587064676616916
macro avg,0.7677239048485637,0.7552042030134813,0.7547593441633178,402.0
weighted avg,0.766289312568834,0.7587064676616916,0.7558428682609106,402.0
