,precision,recall,f1-score,support
True,0.8983050847457628,0.5096153846153846,0.6503067484662577,208.0
False,0.6408450704225352,0.9381443298969072,0.7615062761506277,194.0
accuracy,0.7164179104477612,0.7164179104477612,0.7164179104477612,0.7164179104477612
macro avg,0.769575077584149,0.7238798572561459,0.7059065123084427,402.0
weighted avg,0.7740582121619165,0.7164179104477612,0.7039702021248839,402.0
