,precision,recall,f1-score,support
True,0.6584507042253521,0.8990384615384616,0.7601626016260162,208.0
False,0.8220338983050848,0.5,0.6217948717948718,194.0
accuracy,0.7064676616915423,0.7064676616915423,0.7064676616915423,0.7064676616915423
macro avg,0.7402423012652184,0.6995192307692308,0.6909787367104441,402.0
weighted avg,0.7373938376867157,0.7064676616915423,0.693388125040837,402.0
