,precision,recall,f1-score,support
True,0.8042328042328042,0.7307692307692307,0.7657430730478589,208.0
False,0.7370892018779343,0.8092783505154639,0.7714987714987716,194.0
accuracy,0.7686567164179104,0.7686567164179104,0.7686567164179104,0.7686567164179104
macro avg,0.7706610030553692,0.7700237906423473,0.7686209222733152,402.0
weighted avg,0.7718301702605536,0.7686567164179104,0.7685206986684486,402.0
