threshold,threshold_name
0.5,default
0.36180187251561485,optimal
0.684229390486578,tpr
0.26322146316436423,tnr
