balanced_accuracy,pr_auc,roc_auc
0.6247807150202649,0.5797688157182569,0.7305970600689613
