,precision,recall,f1-score,support
True,0.5,0.5,0.5,122.0
False,0.7749077490774908,0.7749077490774908,0.7749077490774909,271.0
accuracy,0.6895674300254453,0.6895674300254453,0.6895674300254453,0.6895674300254453
macro avg,0.6374538745387455,0.6374538745387455,0.6374538745387455,393.0
weighted avg,0.6895674300254453,0.6895674300254453,0.6895674300254454,393.0
