,precision,recall,f1-score,support
True,0.4425531914893617,0.8524590163934426,0.5826330532212886,122.0
False,0.8860759493670886,0.5166051660516605,0.6526806526806527,271.0
accuracy,0.6208651399491094,0.6208651399491094,0.6208651399491094,0.6208651399491094
macro avg,0.6643145704282252,0.6845320912225515,0.6176568529509706,393.0
weighted avg,0.7483920397969036,0.6208651399491094,0.630935596359934,393.0
