,precision,recall,f1-score,support
True,0.6724137931034483,0.319672131147541,0.43333333333333335,122.0
False,0.7522388059701492,0.9298892988929889,0.8316831683168316,271.0
accuracy,0.7404580152671756,0.7404580152671756,0.7404580152671756,0.7404580152671756
macro avg,0.7123262995367987,0.6247807150202649,0.6325082508250826,393.0
weighted avg,0.7274585220776874,0.7404580152671756,0.7080224052939644,393.0
