,precision,recall,f1-score,support
True,0.4329004329004329,0.819672131147541,0.56657223796034,122.0
False,0.8641975308641975,0.5166051660516605,0.6466512702078522,271.0
accuracy,0.6106870229007634,0.6106870229007634,0.6106870229007634,0.6106870229007634
macro avg,0.6485489818823151,0.6681386485996008,0.6066117540840961,393.0
weighted avg,0.7303088643207387,0.6106870229007634,0.6217921304261818,393.0
