threshold,threshold_name
0.5,default
0.17170910326752425,optimal
0.34657234921994423,tpr
0.18052094387268955,tnr
