balanced_accuracy,pr_auc,roc_auc
0.7235243055555556,0.8009117624463851,0.8234320746527778
