,precision,recall,f1-score,support
True,0.7894736842105263,0.5859375,0.6726457399103138,128.0
False,0.7005649717514124,0.8611111111111112,0.7725856697819314,144.0
accuracy,0.7316176470588235,0.7316176470588235,0.7316176470588235,0.7316176470588235
macro avg,0.7450193279809694,0.7235243055555556,0.7226157048461226,272.0
weighted avg,0.742404365849819,0.7316176470588235,0.7255551145482291,272.0
