,precision,recall,f1-score,support
True,0.6182795698924731,0.8984375,0.7324840764331212,128.0
False,0.8488372093023255,0.5069444444444444,0.6347826086956522,144.0
accuracy,0.6911764705882353,0.6911764705882353,0.6911764705882353,0.6911764705882353
macro avg,0.7335583895973994,0.7026909722222222,0.6836333425643867,272.0
weighted avg,0.7403394966388656,0.6911764705882353,0.680759769983873,272.0
