,precision,recall,f1-score,support
True,0.6706586826347305,0.875,0.7593220338983051,128.0
False,0.8476190476190476,0.6180555555555556,0.7148594377510041,144.0
accuracy,0.7389705882352942,0.7389705882352942,0.7389705882352942,0.7389705882352942
macro avg,0.7591388651268891,0.7465277777777778,0.7370907358246546,272.0
weighted avg,0.7643435817440748,0.7389705882352942,0.7357830124085576,272.0
