threshold,threshold_name
0.5,default
0.25017970023396074,optimal
0.5634485700568104,tpr
0.20005977853367013,tnr
