balanced_accuracy,pr_auc,roc_auc
0.7379312053925455,0.8200556065636017,0.818571570182395
