,precision,recall,f1-score,support
True,0.821656050955414,0.6201923076923077,0.7068493150684931,208.0
False,0.6775510204081633,0.8556701030927835,0.7562642369020501,194.0
accuracy,0.7338308457711443,0.7338308457711443,0.7338308457711443,0.7338308457711443
macro avg,0.7496035356817887,0.7379312053925455,0.7315567759852717,402.0
weighted avg,0.752112827258482,0.7338308457711443,0.7306963171473739,402.0
