,precision,recall,f1-score,support
True,0.8666666666666667,0.5,0.6341463414634146,208.0
False,0.6312056737588653,0.9175257731958762,0.7478991596638656,194.0
accuracy,0.7014925373134329,0.7014925373134329,0.7014925373134329,0.7014925373134329
macro avg,0.7489361702127659,0.7087628865979381,0.6910227505636402,402.0
weighted avg,0.7530362372534491,0.7014925373134329,0.6890419800974631,402.0
