,precision,recall,f1-score,support
True,0.657243816254417,0.8942307692307693,0.7576374745417515,208.0
False,0.8151260504201681,0.5,0.6198083067092651,194.0
accuracy,0.7039800995024875,0.7039800995024875,0.7039800995024875,0.7039800995024875
macro avg,0.7361849333372925,0.6971153846153846,0.6887228906255083,402.0
weighted avg,0.7334357402050531,0.7039800995024875,0.691122901010651,402.0
