,precision,recall,f1-score,support
True,0.7142857142857143,0.8653846153846154,0.7826086956521738,208.0
False,0.8133333333333334,0.6288659793814433,0.7093023255813953,194.0
accuracy,0.7512437810945274,0.7512437810945274,0.7512437810945274,0.7512437810945274
macro avg,0.7638095238095238,0.7471252973830294,0.7459555106167846,402.0
weighted avg,0.7620848140251125,0.7512437810945274,0.747231989697619,402.0
