threshold,threshold_name
0.5,default
0.2645437652412654,optimal
0.5980343526560579,tpr
0.20603964950350545,tnr
