balanced_accuracy,pr_auc,roc_auc
0.60546875,0.7024649132405825,0.7473415798611112
