,precision,recall,f1-score,support
True,0.6914893617021277,0.5078125,0.5855855855855856,128.0
False,0.6460674157303371,0.7986111111111112,0.7142857142857142,144.0
accuracy,0.6617647058823529,0.6617647058823529,0.6617647058823529,0.6617647058823529
macro avg,0.6687783887162324,0.6532118055555556,0.6499356499356499,272.0
weighted avg,0.6674424491288268,0.6617647058823529,0.6537209478385949,272.0
