,precision,recall,f1-score,support
True,0.7049180327868853,0.3359375,0.455026455026455,128.0
False,0.5971563981042654,0.875,0.7098591549295775,144.0
accuracy,0.6213235294117647,0.6213235294117647,0.6213235294117647,0.6213235294117647
macro avg,0.6510372154455752,0.60546875,0.5824428049780163,272.0
weighted avg,0.6478677556019689,0.6213235294117647,0.5899378843869316,272.0
