,precision,recall,f1-score,support
True,0.6010928961748634,0.859375,0.707395498392283,128.0
False,0.797752808988764,0.4930555555555556,0.6094420600858369,144.0
accuracy,0.6654411764705882,0.6654411764705882,0.6654411764705882,0.6654411764705882
macro avg,0.6994228525818137,0.6762152777777778,0.6584187792390599,272.0
weighted avg,0.7052069676645755,0.6654411764705882,0.6555377957594586,272.0
