,precision,recall,f1-score,support
True,0.6484848484848484,0.8359375,0.7303754266211603,128.0
False,0.8037383177570093,0.5972222222222222,0.6852589641434262,144.0
accuracy,0.7095588235294118,0.7095588235294118,0.7095588235294118,0.7095588235294118
macro avg,0.7261115831209288,0.7165798611111112,0.7078171953822933,272.0
weighted avg,0.7306778616289336,0.7095588235294118,0.7064902406035365,272.0
