threshold,threshold_name
0.5,default
0.3900942790663637,optimal
0.4709492078984087,tpr
0.35663269256406216,tnr
