balanced_accuracy,pr_auc,roc_auc
0.7291666666666667,0.8098614814562267,0.8166232638888888
