,precision,recall,f1-score,support
True,0.7692307692307693,0.625,0.6896551724137931,128.0
False,0.7142857142857143,0.8333333333333334,0.7692307692307692,144.0
accuracy,0.7352941176470589,0.7352941176470589,0.7352941176470589,0.7352941176470589
macro avg,0.7417582417582418,0.7291666666666667,0.7294429708222812,272.0
weighted avg,0.7401422107304461,0.7352941176470589,0.7317834295521922,272.0
