,precision,recall,f1-score,support
True,0.6298342541436464,0.890625,0.7378640776699028,128.0
False,0.8461538461538461,0.5347222222222222,0.6553191489361703,144.0
accuracy,0.7022058823529411,0.7022058823529411,0.7022058823529411,0.7022058823529411
macro avg,0.7379940501487463,0.7126736111111112,0.6965916133030365,272.0
weighted avg,0.7443563910902227,0.7022058823529411,0.6941638212814562,272.0
