,precision,recall,f1-score,support
True,0.8421052631578947,0.5,0.6274509803921569,128.0
False,0.673469387755102,0.9166666666666666,0.7764705882352941,144.0
accuracy,0.7205882352941176,0.7205882352941176,0.7205882352941176,0.7205882352941176
macro avg,0.7577873254564984,0.7083333333333333,0.7019607843137254,272.0
weighted avg,0.7528274467681809,0.7205882352941176,0.7063437139561707,272.0
