,precision,recall,f1-score,support
True,0.6096256684491979,0.890625,0.7238095238095238,128.0
False,0.8352941176470589,0.4930555555555556,0.6200873362445416,144.0
accuracy,0.6801470588235294,0.6801470588235294,0.6801470588235294,0.6801470588235294
macro avg,0.7224598930481283,0.6918402777777778,0.6719484300270326,272.0
weighted avg,0.7290972003774772,0.6801470588235294,0.668897777451592,272.0
