threshold,threshold_name
0.5,default
0.24231921842249196,optimal
0.595750576461534,tpr
0.21851355320750016,tnr
