balanced_accuracy,pr_auc,roc_auc
0.6370757969874781,0.6443833162478406,0.7889571108825844
