,precision,recall,f1-score,support
True,0.6885245901639344,0.3442622950819672,0.45901639344262296,122.0
False,0.7590361445783133,0.9298892988929889,0.835820895522388,271.0
accuracy,0.7480916030534351,0.7480916030534351,0.7480916030534351,0.7480916030534351
macro avg,0.7237803673711238,0.6370757969874781,0.6474186444825055,393.0
weighted avg,0.7371470615285569,0.7480916030534351,0.718848505563784,393.0
