,precision,recall,f1-score,support
True,0.436,0.8934426229508197,0.5860215053763441,122.0
False,0.9090909090909091,0.4797047970479705,0.6280193236714975,271.0
accuracy,0.6081424936386769,0.6081424936386769,0.6081424936386769,0.6081424936386769
macro avg,0.6725454545454546,0.686573709999395,0.6070204145239209,393.0
weighted avg,0.7622280823502197,0.6081424936386769,0.6149818330048087,393.0
