,precision,recall,f1-score,support
True,0.6421052631578947,0.5,0.5622119815668203,122.0
False,0.7953020134228188,0.8745387453874539,0.8330404217926186,271.0
accuracy,0.7582697201017812,0.7582697201017812,0.7582697201017812,0.7582697201017812
macro avg,0.7187036382903568,0.6872693726937269,0.6976262016797194,393.0
weighted avg,0.7477447525263283,0.7582697201017812,0.748966453071124,393.0
