,precision,recall,f1-score,support
True,0.43568464730290457,0.860655737704918,0.5785123966942148,122.0
False,0.8881578947368421,0.4981549815498155,0.6382978723404256,271.0
accuracy,0.6106870229007634,0.6106870229007634,0.6106870229007634,0.6106870229007634
macro avg,0.6619212710198734,0.6794053596273668,0.6084051345173203,393.0
weighted avg,0.7476954616911924,0.6106870229007634,0.6197385134884212,393.0
