threshold,threshold_name
0.5,default
0.15463402534063067,optimal
0.3757920038480149,tpr
0.15998720556415116,tnr
