balanced_accuracy,pr_auc,roc_auc
0.6290907991047123,0.5981169040817349,0.7326235557437543
