,precision,recall,f1-score,support
True,0.5535714285714286,0.5081967213114754,0.5299145299145298,122.0
False,0.7864768683274022,0.8154981549815498,0.8007246376811593,271.0
accuracy,0.7201017811704835,0.7201017811704835,0.7201017811704835,0.7201017811704835
macro avg,0.6700241484494154,0.6618474381465126,0.6653195837978445,393.0
weighted avg,0.7141754341029014,0.7201017811704835,0.7166563599520783,393.0
