,precision,recall,f1-score,support
True,0.40772532188841204,0.7786885245901639,0.5352112676056338,122.0
False,0.83125,0.4907749077490775,0.617169373549884,271.0
accuracy,0.5801526717557252,0.5801526717557252,0.5801526717557252,0.5801526717557252
macro avg,0.619487660944206,0.6347317161696207,0.5761903205777589,393.0
weighted avg,0.6997741457261738,0.5801526717557252,0.5917269080913636,393.0
