,precision,recall,f1-score,support
True,0.782608695652174,0.29508196721311475,0.42857142857142855,122.0
False,0.7521613832853026,0.9630996309963099,0.8446601941747572,271.0
accuracy,0.7557251908396947,0.7557251908396947,0.7557251908396947,0.7557251908396947
macro avg,0.7673850394687383,0.6290907991047123,0.6366158113730929,393.0
weighted avg,0.7616132207121685,0.7557251908396947,0.7154926893309759,393.0
