,precision,recall,f1-score,support
True,0.34277620396600567,0.9918032786885246,0.5094736842105263,122.0
False,0.975,0.14391143911439114,0.2508038585209003,271.0
accuracy,0.4071246819338422,0.4071246819338422,0.4071246819338422,0.4071246819338422
macro avg,0.6588881019830028,0.5678573589014578,0.3801387713657133,393.0
weighted avg,0.7787371421980983,0.4071246819338422,0.331103397284601,393.0
