threshold,threshold_name
0.5,default
0.023575485884463614,optimal
0.282719065042575,tpr
0.10916301965641281,tnr
