balanced_accuracy,pr_auc,roc_auc
0.662270885003932,0.6195283934597012,0.7668925049906238
