,precision,recall,f1-score,support
True,0.6354166666666666,0.5,0.5596330275229359,122.0
False,0.7946127946127947,0.8708487084870848,0.8309859154929577,271.0
accuracy,0.7557251908396947,0.7557251908396947,0.7557251908396947,0.7557251908396947
macro avg,0.7150147306397306,0.6854243542435424,0.6953094715079469,393.0
weighted avg,0.7451931314844802,0.7557251908396947,0.7467491411104065,393.0
