,precision,recall,f1-score,support
True,0.627906976744186,0.4426229508196721,0.5192307692307692,122.0
False,0.7785016286644951,0.8819188191881919,0.8269896193771626,271.0
accuracy,0.7455470737913485,0.7455470737913485,0.7455470737913485,0.7455470737913485
macro avg,0.7032043027043406,0.662270885003932,0.6731101943039659,393.0
weighted avg,0.7317521438444501,0.7455470737913485,0.7314512485938038,393.0
