,precision,recall,f1-score,support
True,0.43209876543209874,0.860655737704918,0.5753424657534246,122.0
False,0.8866666666666667,0.4907749077490775,0.6318289786223278,271.0
accuracy,0.6055979643765903,0.6055979643765903,0.6055979643765903,0.6055979643765903
macro avg,0.6593827160493827,0.6757153227269977,0.6035857221878762,393.0
weighted avg,0.7455539848584802,0.6055979643765903,0.6142937252635334,393.0
