,precision,recall,f1-score,support
True,0.45064377682403434,0.860655737704918,0.5915492957746479,122.0
False,0.89375,0.5276752767527675,0.6635730858468677,271.0
accuracy,0.6310432569974554,0.6310432569974554,0.6310432569974554,0.6310432569974554
macro avg,0.6721968884120172,0.6941655072288427,0.6275611908107578,393.0
weighted avg,0.7561953963677664,0.6310432569974554,0.6412145555954407,393.0
