threshold,threshold_name
0.5,default
0.10161531716585159,optimal
0.43989354372024536,tpr
0.08827779442071915,tnr
