balanced_accuracy,pr_auc,roc_auc
0.7287326388888888,0.7991835643434291,0.8334689670138888
