,precision,recall,f1-score,support
True,0.7044025157232704,0.875,0.7804878048780488,128.0
False,0.8584070796460177,0.6736111111111112,0.7548638132295721,144.0
accuracy,0.7683823529411765,0.7683823529411765,0.7683823529411765,0.7683823529411765
macro avg,0.7814047976846441,0.7743055555555556,0.7676758090538105,272.0
weighted avg,0.7859343436823719,0.7683823529411765,0.7669221622406199,272.0
