,precision,recall,f1-score,support
True,0.7745098039215687,0.6171875,0.6869565217391305,128.0
False,0.711764705882353,0.8402777777777778,0.7707006369426751,144.0
accuracy,0.7352941176470589,0.7352941176470589,0.7352941176470589,0.7352941176470589
macro avg,0.7431372549019608,0.7287326388888888,0.7288285793409028,272.0
weighted avg,0.7412918108419838,0.7352941176470589,0.7312916415527717,272.0
