,precision,recall,f1-score,support
True,0.6178010471204188,0.921875,0.7398119122257054,128.0
False,0.8765432098765432,0.4930555555555556,0.6311111111111111,144.0
accuracy,0.6948529411764706,0.6948529411764706,0.6948529411764706,0.6948529411764706
macro avg,0.747172128498481,0.7074652777777778,0.6854615116684082,272.0
weighted avg,0.7547821921089553,0.6948529411764706,0.6822644292826849,272.0
