threshold,threshold_name
0.5,default
0.31086123352518585,optimal
0.6084270786832854,tpr
0.23258702955861477,tnr
