balanced_accuracy,pr_auc,roc_auc
0.6227239731413707,0.5703318354958752,0.711178997035872
