,precision,recall,f1-score,support
True,0.34285714285714286,0.9836065573770492,0.5084745762711864,122.0
False,0.9534883720930233,0.15129151291512916,0.2611464968152866,271.0
accuracy,0.40966921119592875,0.40966921119592875,0.40966921119592875,0.40966921119592875
macro avg,0.6481727574750831,0.5674490351460891,0.3848105365432365,393.0
weighted avg,0.7639285502946075,0.40966921119592875,0.33792518814765243,393.0
