,precision,recall,f1-score,support
True,0.4017467248908297,0.7540983606557377,0.5242165242165242,122.0
False,0.8170731707317073,0.4944649446494465,0.6160919540229884,271.0
accuracy,0.5750636132315522,0.5750636132315522,0.5750636132315522,0.5750636132315522
macro avg,0.6094099478112684,0.6242816526525921,0.5701542391197563,393.0
weighted avg,0.688142314770926,0.5750636132315522,0.587570828230651,393.0
