,precision,recall,f1-score,support
True,0.5398230088495575,0.5,0.5191489361702127,122.0
False,0.7821428571428571,0.8081180811808119,0.7949183303085299,271.0
accuracy,0.712468193384224,0.712468193384224,0.712468193384224,0.712468193384224
macro avg,0.6609829329962074,0.6540590405904059,0.6570336332393714,393.0
weighted avg,0.7069188838813238,0.712468193384224,0.7093105285658463,393.0
