,precision,recall,f1-score,support
True,0.5972222222222222,0.3524590163934426,0.443298969072165,122.0
False,0.7538940809968847,0.8929889298892989,0.8175675675675675,271.0
accuracy,0.7251908396946565,0.7251908396946565,0.7251908396946565,0.7251908396946565
macro avg,0.6755581516095535,0.6227239731413707,0.6304332683198662,393.0
weighted avg,0.7052580332347759,0.7251908396946565,0.701382404675865,393.0
