threshold,threshold_name
0.5,default
0.03264007439043276,optimal
0.373439657828767,tpr
0.1415293862410886,tnr
