balanced_accuracy,pr_auc,roc_auc
0.7303727200634418,0.8086486174821484,0.8159075138778746
