,precision,recall,f1-score,support
True,0.8412698412698413,0.5096153846153846,0.6347305389221556,208.0
False,0.6304347826086957,0.8969072164948454,0.7404255319148937,194.0
accuracy,0.6965174129353234,0.6965174129353234,0.6965174129353234,0.6965174129353234
macro avg,0.7358523119392685,0.7032613005551149,0.6875780354185246,402.0
weighted avg,0.7395235691796368,0.6965174129353234,0.6857375753415367,402.0
