,precision,recall,f1-score,support
True,0.6655052264808362,0.9182692307692307,0.7717171717171717,208.0
False,0.8521739130434782,0.5051546391752577,0.6343042071197411,194.0
accuracy,0.7189054726368159,0.7189054726368159,0.7189054726368159,0.7189054726368159
macro avg,0.7588395697621573,0.7117119349722443,0.7030106894184565,402.0
weighted avg,0.7555891199961411,0.7189054726368159,0.7054034524835857,402.0
