,precision,recall,f1-score,support
True,0.6678200692041523,0.9278846153846154,0.7766599597585514,208.0
False,0.8672566371681416,0.5051546391752577,0.6384364820846906,194.0
accuracy,0.7238805970149254,0.7238805970149254,0.7238805970149254,0.7238805970149254
macro avg,0.7675383531861469,0.7165196272799366,0.7075482209216211,402.0
weighted avg,0.7640655771270726,0.7238805970149254,0.7099550973985289,402.0
