,precision,recall,f1-score,support
True,0.810126582278481,0.6153846153846154,0.6994535519125684,208.0
False,0.6721311475409836,0.845360824742268,0.7488584474885844,194.0
accuracy,0.7263681592039801,0.7263681592039801,0.7263681592039801,0.7263681592039801
macro avg,0.7411288649097323,0.7303727200634418,0.7241559997005764,402.0
weighted avg,0.7435317704897385,0.7263681592039801,0.7232957154492526,402.0
