threshold,threshold_name
0.5,default
0.11721960550201156,optimal
0.6089966528614296,tpr
0.12071287538655714,tnr
