balanced_accuracy,pr_auc,roc_auc
0.654694210876535,0.6285081306538984,0.7626580364164297
