,precision,recall,f1-score,support
True,0.5740740740740741,0.5081967213114754,0.5391304347826087,122.0
False,0.7894736842105263,0.8302583025830258,0.8093525179856116,271.0
accuracy,0.7302798982188295,0.7302798982188295,0.7302798982188295,0.7302798982188295
macro avg,0.6817738791423003,0.6692275119472506,0.6742414763841101,393.0
weighted avg,0.7226066296643503,0.7302798982188295,0.7254667822330254,393.0
