,precision,recall,f1-score,support
True,0.6621621621621622,0.4016393442622951,0.5,122.0
False,0.7711598746081505,0.9077490774907749,0.8338983050847458,271.0
accuracy,0.7506361323155216,0.7506361323155216,0.7506361323155216,0.7506361323155216
macro avg,0.7166610183851563,0.654694210876535,0.666949152542373,393.0
weighted avg,0.7373234346121949,0.7506361323155216,0.7302453961271402,393.0
