,precision,recall,f1-score,support
True,0.425531914893617,0.819672131147541,0.5602240896358543,122.0
False,0.8607594936708861,0.5018450184501845,0.6340326340326341,271.0
accuracy,0.6005089058524173,0.6005089058524173,0.6005089058524173,0.6005089058524173
macro avg,0.6431457042822516,0.6607585747988627,0.5971283618342442,393.0
weighted avg,0.7256506778672556,0.6005089058524173,0.6111200579094608,393.0
