,precision,recall,f1-score,support
True,0.3838383838383838,0.9344262295081968,0.5441527446300716,122.0
False,0.9166666666666666,0.3247232472324723,0.47956403269754766,271.0
accuracy,0.5139949109414759,0.5139949109414759,0.5139949109414759,0.5139949109414759
macro avg,0.6502525252525252,0.6295747383703345,0.5118583886638096,393.0
weighted avg,0.751259413473154,0.5139949109414759,0.49961447253410735,393.0
