threshold,threshold_name
0.5,default
0.08269188076069725,optimal
0.38834286102841664,tpr
0.1434388836506079,tnr
