balanced_accuracy,pr_auc,roc_auc
0.603668864557498,0.5834171051518142,0.7455386848950456
