,precision,recall,f1-score,support
True,0.4364406779661017,0.8442622950819673,0.5754189944134078,122.0
False,0.8789808917197452,0.5092250922509225,0.6448598130841121,271.0
accuracy,0.6132315521628499,0.6132315521628499,0.6132315521628499,0.6132315521628499
macro avg,0.6577107848429234,0.6767436936664448,0.61013940374876,393.0
weighted avg,0.7416019958471128,0.6132315521628499,0.6233031212830283,393.0
