,precision,recall,f1-score,support
True,0.5446428571428571,0.5,0.5213675213675213,122.0
False,0.7829181494661922,0.8118081180811808,0.7971014492753624,271.0
accuracy,0.7150127226463104,0.7150127226463104,0.7150127226463104,0.7150127226463104
macro avg,0.6637805033045246,0.6559040590405905,0.6592344853214418,393.0
weighted avg,0.708949738108821,0.7150127226463104,0.7115046574057527,393.0
