,precision,recall,f1-score,support
True,0.5873015873015873,0.30327868852459017,0.4,122.0
False,0.7424242424242424,0.9040590405904059,0.8153078202995008,271.0
accuracy,0.7175572519083969,0.7175572519083969,0.7175572519083969,0.7175572519083969
macro avg,0.6648629148629148,0.603668864557498,0.6076539101497505,393.0
weighted avg,0.6942691179332401,0.7175572519083969,0.6863827463133961,393.0
