,precision,recall,f1-score,support
True,0.43162393162393164,0.8278688524590164,0.5674157303370787,122.0
False,0.8679245283018868,0.5092250922509225,0.641860465116279,271.0
accuracy,0.6081424936386769,0.6081424936386769,0.6081424936386769,0.6081424936386769
macro avg,0.6497742299629092,0.6685469723549695,0.6046380977266789,393.0
weighted avg,0.7324826127937176,0.6081424936386769,0.6187503947776977,393.0
