threshold,threshold_name
0.5,default
0.13128764927387238,optimal
0.35040292143821716,tpr
0.13178949058055878,tnr
