balanced_accuracy,pr_auc,roc_auc
0.7485626486915147,0.8448910216916804,0.850218080888184
