,precision,recall,f1-score,support
True,0.6655737704918033,0.9759615384615384,0.7914230019493177,208.0
False,0.9484536082474226,0.4742268041237113,0.6323024054982818,194.0
accuracy,0.7338308457711443,0.7338308457711443,0.7338308457711443,0.7338308457711443
macro avg,0.8070136893696129,0.7250941712926249,0.7118627037237997,402.0
weighted avg,0.8020879210504853,0.7338308457711443,0.7146334603784198,402.0
