,precision,recall,f1-score,support
True,0.8870967741935484,0.5288461538461539,0.6626506024096386,208.0
False,0.6474820143884892,0.9278350515463918,0.7627118644067796,194.0
accuracy,0.7213930348258707,0.7213930348258707,0.7213930348258707,0.7213930348258707
macro avg,0.7672893942910188,0.7283406026962729,0.7126812334082091,402.0
weighted avg,0.7714617906060321,0.7213930348258707,0.7109388731246767,402.0
