,precision,recall,f1-score,support
True,0.797752808988764,0.6826923076923077,0.7357512953367876,208.0
False,0.7053571428571429,0.8144329896907216,0.7559808612440192,194.0
accuracy,0.746268656716418,0.746268656716418,0.746268656716418,0.746268656716418
macro avg,0.7515549759229534,0.7485626486915147,0.7458660782904034,402.0
weighted avg,0.7531638556814643,0.746268656716418,0.7455138221676407,402.0
