threshold,threshold_name
0.5,default
0.19060466672435794,optimal
0.6452044411254071,tpr
0.20633560282736443,tnr
