balanced_accuracy,pr_auc,roc_auc
0.766579103885805,0.833653282419596,0.8502056899286281
