,precision,recall,f1-score,support
True,0.6791808873720137,0.9567307692307693,0.7944111776447106,208.0
False,0.9174311926605505,0.5154639175257731,0.6600660066006601,194.0
accuracy,0.7437810945273632,0.7437810945273632,0.7437810945273632,0.7437810945273632
macro avg,0.798306040016282,0.7360973433782712,0.7272385921226854,402.0
weighted avg,0.7941574028595164,0.7437810945273632,0.7295779358970843,402.0
