,precision,recall,f1-score,support
True,0.785,0.7548076923076923,0.7696078431372549,208.0
False,0.7475247524752475,0.7783505154639175,0.7626262626262627,194.0
accuracy,0.7661691542288557,0.7661691542288557,0.7661691542288557,0.7661691542288557
macro avg,0.7662623762376237,0.766579103885805,0.7661170528817588,402.0
weighted avg,0.766914930299,0.7661691542288557,0.7662386226916517,402.0
