,precision,recall,f1-score,support
True,0.8536585365853658,0.5048076923076923,0.634441087613293,208.0
False,0.6308243727598566,0.9072164948453608,0.7441860465116278,194.0
accuracy,0.6990049751243781,0.6990049751243781,0.6990049751243781,0.6990049751243781
macro avg,0.7422414546726113,0.7060120935765266,0.6893135670624604,402.0
weighted avg,0.746121651555145,0.6990049751243781,0.6874025851910963,402.0
