,precision,recall,f1-score,support
True,0.7224334600760456,0.9134615384615384,0.8067940552016983,208.0
False,0.8705035971223022,0.6237113402061856,0.7267267267267268,194.0
accuracy,0.7736318407960199,0.7736318407960199,0.7736318407960199,0.7736318407960199
macro avg,0.7964685285991739,0.768586439333862,0.7667603909642126,402.0
weighted avg,0.793890192879463,0.7736318407960199,0.7681545981764635,402.0
