threshold,threshold_name
0.5,default
0.263738214969635,optimal
0.7373782396316528,tpr
0.19088582694530487,tnr
