balanced_accuracy,pr_auc,roc_auc
0.7547743055555556,0.8116508815804775,0.8128797743055557
