,precision,recall,f1-score,support
True,0.8552631578947368,0.5078125,0.6372549019607844,128.0
False,0.6785714285714286,0.9236111111111112,0.7823529411764706,144.0
accuracy,0.7279411764705882,0.7279411764705882,0.7279411764705882,0.7279411764705882
macro avg,0.7669172932330828,0.7157118055555556,0.7098039215686275,272.0
weighted avg,0.76172047766475,0.7279411764705882,0.7140715109573241,272.0
