,precision,recall,f1-score,support
True,0.7583333333333333,0.7109375,0.7338709677419354,128.0
False,0.756578947368421,0.7986111111111112,0.777027027027027,144.0
accuracy,0.7573529411764706,0.7573529411764706,0.7573529411764706,0.7573529411764706
macro avg,0.7574561403508772,0.7547743055555556,0.7554489973844811,272.0
weighted avg,0.7574045407636739,0.7573529411764706,0.7567182932458074,272.0
