,precision,recall,f1-score,support
True,0.6526946107784432,0.8515625,0.7389830508474575,128.0
False,0.819047619047619,0.5972222222222222,0.6907630522088354,144.0
accuracy,0.7169117647058824,0.7169117647058824,0.7169117647058824,0.7169117647058824
macro avg,0.735871114913031,0.7243923611111112,0.7148730515281465,272.0
weighted avg,0.7407638504503598,0.7169117647058824,0.7134548162740693,272.0
