,precision,recall,f1-score,support
True,0.6065573770491803,0.8671875,0.7138263665594856,128.0
False,0.8089887640449438,0.5,0.6180257510729613,144.0
accuracy,0.6727941176470589,0.6727941176470589,0.6727941176470589,0.6727941176470589
macro avg,0.7077730705470621,0.68359375,0.6659260588162235,272.0
weighted avg,0.7137269348704669,0.6727941176470589,0.6631083936548551,272.0
