threshold,threshold_name
0.5,default
0.23433715105056763,optimal
0.663496732711792,tpr
0.1956709921360016,tnr
