balanced_accuracy,pr_auc,roc_auc
0.6426108523380316,0.633964242520866,0.7819248684290122
