,precision,recall,f1-score,support
True,0.4220532319391635,0.9098360655737705,0.5766233766233767,122.0
False,0.9153846153846154,0.43911439114391143,0.5935162094763092,271.0
accuracy,0.5852417302798982,0.5852417302798982,0.5852417302798982,0.5852417302798982
macro avg,0.6687189236618895,0.674475228358841,0.585069793049843,393.0
weighted avg,0.7622384861725413,0.5852417302798982,0.5882721239596228,393.0
