,precision,recall,f1-score,support
True,0.43983402489626555,0.8688524590163934,0.584022038567493,122.0
False,0.8947368421052632,0.5018450184501845,0.6430260047281323,271.0
accuracy,0.6157760814249363,0.6157760814249363,0.6157760814249363,0.6157760814249363
macro avg,0.6672854335007643,0.6853487387332889,0.6135240216478126,393.0
weighted avg,0.753520191470409,0.6157760814249363,0.6247092518741935,393.0
