threshold,threshold_name
0.5,default
0.14173898581479313,optimal
0.3713159212050607,tpr
0.15432581071007878,tnr
