balanced_accuracy,pr_auc,roc_auc
0.7916584060269627,0.8547161990281007,0.8584952418715306
