,precision,recall,f1-score,support
True,0.8131313131313131,0.7740384615384616,0.7931034482758621,208.0
False,0.7696078431372549,0.8092783505154639,0.7889447236180904,194.0
accuracy,0.7910447761194029,0.7910447761194029,0.7910447761194029,0.7910447761194029
macro avg,0.791369578134284,0.7916584060269627,0.7910240859469763,402.0
weighted avg,0.7921274495023397,0.7910447761194029,0.7910965015504697,402.0
