,precision,recall,f1-score,support
True,0.6678082191780822,0.9375,0.7799999999999999,208.0
False,0.8818181818181818,0.5,0.6381578947368421,194.0
accuracy,0.7263681592039801,0.7263681592039801,0.7263681592039801,0.7263681592039801
macro avg,0.7748132004981321,0.71875,0.709078947368421,402.0
weighted avg,0.7710866588601202,0.7263681592039801,0.7115488347735008,402.0
