,precision,recall,f1-score,support
True,0.7330677290836654,0.8846153846153846,0.8017429193899782,208.0
False,0.8410596026490066,0.654639175257732,0.736231884057971,194.0
accuracy,0.7736318407960199,0.7736318407960199,0.7736318407960199,0.7736318407960199
macro avg,0.7870636658663359,0.7696272799365582,0.7689874017239746,402.0
weighted avg,0.7851832103564917,0.7736318407960199,0.7701281411451787,402.0
