,precision,recall,f1-score,support
True,0.8907563025210085,0.5096153846153846,0.6483180428134557,208.0
False,0.6395759717314488,0.9329896907216495,0.7589098532494759,194.0
accuracy,0.7139303482587065,0.7139303482587065,0.7139303482587065,0.7139303482587065
macro avg,0.7651661371262286,0.721302537668517,0.7036139480314658,402.0
weighted avg,0.7695399239807732,0.7139303482587065,0.7016882199890476,402.0
