threshold,threshold_name
0.5,default
0.3452014710947163,optimal
0.7559743437305408,tpr
0.2240258672582689,tnr
