balanced_accuracy,pr_auc,roc_auc
0.7768883822363204,0.8706500839191925,0.8692753766851705
