,precision,recall,f1-score,support
True,0.7180451127819549,0.9182692307692307,0.8059071729957806,208.0
False,0.875,0.6134020618556701,0.7212121212121213,194.0
accuracy,0.7711442786069652,0.7711442786069652,0.7711442786069652,0.7711442786069652
macro avg,0.7965225563909775,0.7658356463124505,0.763559647103951,402.0
weighted avg,0.7937895110911607,0.7711442786069652,0.7650344365628703,402.0
