,precision,recall,f1-score,support
True,0.8010204081632653,0.7548076923076923,0.7772277227722771,208.0
False,0.7524271844660194,0.7989690721649485,0.775,194.0
accuracy,0.7761194029850746,0.7761194029850746,0.7761194029850746,0.7761194029850746
macro avg,0.7767237963146423,0.7768883822363204,0.7761138613861386,402.0
weighted avg,0.7775699469760371,0.7761194029850746,0.7761526525786907,402.0
