,precision,recall,f1-score,support
True,0.888,0.5336538461538461,0.6666666666666667,208.0
False,0.6498194945848376,0.9278350515463918,0.7643312101910829,194.0
accuracy,0.7238805970149254,0.7238805970149254,0.7238805970149254,0.7238805970149254
macro avg,0.7689097472924188,0.7307444488501189,0.7154989384288748,402.0
weighted avg,0.7730571690285037,0.7238805970149254,0.7137983120490964,402.0
