,precision,recall,f1-score,support
True,0.6700680272108843,0.9471153846153846,0.7848605577689242,208.0
False,0.8981481481481481,0.5,0.6423841059602649,194.0
accuracy,0.7313432835820896,0.7313432835820896,0.7313432835820896,0.7313432835820896
macro avg,0.7841080876795162,0.7235576923076923,0.7136223318645945,402.0
weighted avg,0.7801365432850863,0.7313432835820896,0.7161032651050439,402.0
