threshold,threshold_name
0.5,default
0.30081987380981445,optimal
0.7607582807540894,tpr
0.22088663280010223,tnr
