balanced_accuracy,pr_auc,roc_auc
0.628470751920634,0.6181649436980342,0.7679662452362228
