,precision,recall,f1-score,support
True,0.4669811320754717,0.8114754098360656,0.5928143712574852,122.0
False,0.8729281767955801,0.5830258302583026,0.6991150442477877,271.0
accuracy,0.6539440203562341,0.6539440203562341,0.6539440203562341,0.6539440203562341
macro avg,0.6699546544355259,0.6972506200471841,0.6459647077526365,393.0
weighted avg,0.7469089924295413,0.6539440203562341,0.6661158531413833,393.0
