,precision,recall,f1-score,support
True,0.6964285714285714,0.319672131147541,0.43820224719101125,122.0
False,0.7537091988130564,0.9372693726937269,0.8355263157894737,271.0
accuracy,0.7455470737913485,0.7455470737913485,0.7455470737913485,0.7455470737913485
macro avg,0.7250688851208139,0.628470751920634,0.6368642814902424,393.0
weighted avg,0.7359274264443358,0.7455470737913485,0.7121839840617067,393.0
