,precision,recall,f1-score,support
True,0.43037974683544306,0.8360655737704918,0.5682451253481894,122.0
False,0.8717948717948718,0.5018450184501845,0.6370023419203747,271.0
accuracy,0.6055979643765903,0.6055979643765903,0.6055979643765903,0.6055979643765903
macro avg,0.6510873093151575,0.6689552961103382,0.6026237336342821,393.0
weighted avg,0.7347652401280771,0.6055979643765903,0.6156578624755742,393.0
