threshold,threshold_name
0.5,default
0.15694779052410504,optimal
0.3379267170789514,tpr
0.14462949064916847,tnr
