balanced_accuracy,pr_auc,roc_auc
0.6514756944444444,0.768668725936489,0.7742513020833333
