,precision,recall,f1-score,support
True,0.6042780748663101,0.8828125,0.7174603174603175,128.0
False,0.8235294117647058,0.4861111111111111,0.611353711790393,144.0
accuracy,0.6727941176470589,0.6727941176470589,0.6727941176470589,0.6727941176470589
macro avg,0.713903743315508,0.6844618055555556,0.6644070146253552,272.0
weighted avg,0.7203523120478138,0.6727941176470589,0.6612862321056516,272.0
