,precision,recall,f1-score,support
True,0.7681159420289855,0.4140625,0.5380710659898477,128.0
False,0.6305418719211823,0.8888888888888888,0.7377521613832853,144.0
accuracy,0.6654411764705882,0.6654411764705882,0.6654411764705882,0.6654411764705882
macro avg,0.6993289069750839,0.6514756944444444,0.6379116136865665,272.0
weighted avg,0.6952826107954425,0.6654411764705882,0.6437845870804911,272.0
