,precision,recall,f1-score,support
True,0.7303370786516854,0.5078125,0.599078341013825,128.0
False,0.6557377049180327,0.8333333333333334,0.7339449541284403,144.0
accuracy,0.6801470588235294,0.6801470588235294,0.6801470588235294,0.6801470588235294
macro avg,0.6930373917848591,0.6705729166666667,0.6665116475711326,272.0
weighted avg,0.6908432925573987,0.6801470588235294,0.6704783126627389,272.0
