,precision,recall,f1-score,support
True,0.6055555555555555,0.8515625,0.7077922077922076,128.0
False,0.7934782608695652,0.5069444444444444,0.6186440677966102,144.0
accuracy,0.6691176470588235,0.6691176470588235,0.6691176470588235,0.6691176470588235
macro avg,0.6995169082125603,0.6792534722222222,0.6632181377944089,272.0
weighted avg,0.7050440466041489,0.6691176470588235,0.6605961336768913,272.0
