threshold,threshold_name
0.5,default
0.3336283766544739,optimal
0.48539384053029105,tpr
0.349775893755065,tnr
