balanced_accuracy,pr_auc,roc_auc
0.7239583333333333,0.802684389536213,0.8167317708333334
