,precision,recall,f1-score,support
True,0.7835051546391752,0.59375,0.6755555555555557,128.0
False,0.7028571428571428,0.8541666666666666,0.7711598746081505,144.0
accuracy,0.7316176470588235,0.7316176470588235,0.7316176470588235,0.7316176470588235
macro avg,0.743181148748159,0.7239583333333333,0.7233577150818531,272.0
weighted avg,0.7408091484016287,0.7316176470588235,0.7261696068186941,272.0
