,precision,recall,f1-score,support
True,0.6203208556149733,0.90625,0.7365079365079366,128.0
False,0.8588235294117647,0.5069444444444444,0.6375545851528385,144.0
accuracy,0.6948529411764706,0.6948529411764706,0.6948529411764706,0.6948529411764706
macro avg,0.7395721925133689,0.7065972222222222,0.6870312608303875,272.0
weighted avg,0.746586977036804,0.6948529411764706,0.6841208681434728,272.0
