threshold,threshold_name
0.5,default
0.19171415387811402,optimal
0.582419148722511,tpr
0.19182403913873303,tnr
