balanced_accuracy,pr_auc,roc_auc
0.6268374568991592,0.5954282276627647,0.7271641159034541
