,precision,recall,f1-score,support
True,0.3408450704225352,0.9918032786885246,0.5073375262054507,122.0
False,0.9736842105263158,0.13653136531365315,0.23948220064724918,271.0
accuracy,0.4020356234096692,0.4020356234096692,0.4020356234096692,0.4020356234096692
macro avg,0.6572646404744256,0.5641673220010889,0.37340986342634996,393.0
weighted avg,0.7772303298834118,0.4020356234096692,0.3226332177416527,393.0
