,precision,recall,f1-score,support
True,0.7954545454545454,0.28688524590163933,0.42168674698795183,122.0
False,0.7507163323782235,0.966789667896679,0.8451612903225807,271.0
accuracy,0.7557251908396947,0.7557251908396947,0.7557251908396947,0.7557251908396947
macro avg,0.7730854389163845,0.6268374568991592,0.6334240186552662,393.0
weighted avg,0.7646045308395754,0.7557251908396947,0.713700999516411,393.0
