,precision,recall,f1-score,support
True,0.580952380952381,0.5,0.5374449339207048,122.0
False,0.7881944444444444,0.8376383763837638,0.8121645796064401,271.0
accuracy,0.732824427480916,0.732824427480916,0.732824427480916,0.732824427480916
macro avg,0.6845734126984127,0.6688191881918819,0.6748047567635724,393.0
weighted avg,0.7238597580677734,0.732824427480916,0.7268826539737182,393.0
