,precision,recall,f1-score,support
True,0.4043478260869565,0.7622950819672131,0.5284090909090908,122.0
False,0.8220858895705522,0.4944649446494465,0.6175115207373272,271.0
accuracy,0.5776081424936387,0.5776081424936387,0.5776081424936387,0.5776081424936387
macro avg,0.6132168578287543,0.6283800133083298,0.572960305823209,393.0
weighted avg,0.6924063889471458,0.5776081424936387,0.5898512244547703,393.0
