threshold,threshold_name
0.5,default
0.02226944087995359,optimal
0.25852972731367385,tpr
0.10646029144625561,tnr
