balanced_accuracy,pr_auc,roc_auc
0.5,0.557480894945852,0.7160335127941443
