,precision,recall,f1-score,support
True,0.3890909090909091,0.8770491803278688,0.5390428211586901,122.0
False,0.8728813559322034,0.3800738007380074,0.5295629820051414,271.0
accuracy,0.5343511450381679,0.5343511450381679,0.5343511450381679,0.5343511450381679
macro avg,0.6309861325115562,0.6285614905329381,0.5343029015819157,393.0
weighted avg,0.7226970441901223,0.5343511450381679,0.5325058328365229,393.0
