,precision,recall,f1-score,support
True,0.5545454545454546,0.5,0.5258620689655172,122.0
False,0.784452296819788,0.8191881918819188,0.8014440433212997,271.0
accuracy,0.7201017811704835,0.7201017811704835,0.7201017811704835,0.7201017811704835
macro avg,0.6694988756826212,0.6595940959409594,0.6636530561434084,393.0
weighted avg,0.7130817249178321,0.7201017811704835,0.7158944227833723,393.0
