,precision,recall,f1-score,support
True,0.4155844155844156,0.7868852459016393,0.5439093484419263,122.0
False,0.8395061728395061,0.5018450184501845,0.6281755196304849,271.0
accuracy,0.5903307888040712,0.5903307888040712,0.5903307888040712,0.5903307888040712
macro avg,0.6275452942119608,0.6443651321759118,0.5860424340362056,393.0
weighted avg,0.707907052266679,0.5903307888040712,0.6020165555465049,393.0
