threshold,threshold_name
0.5,default
0.2098383873100177,optimal
0.302393342383712,tpr
0.23073209056765556,tnr
