balanced_accuracy,pr_auc,roc_auc
0.789601506740682,0.8564470210547968,0.8720137787470261
