,precision,recall,f1-score,support
True,0.8186528497409327,0.7596153846153846,0.7880299251870324,208.0
False,0.7607655502392344,0.8195876288659794,0.7890818858560793,194.0
accuracy,0.7885572139303483,0.7885572139303483,0.7885572139303483,0.7885572139303483
macro avg,0.7897091999900836,0.789601506740682,0.7885559055215559,402.0
weighted avg,0.7907171877923519,0.7885572139303483,0.788537587798463,402.0
