,precision,recall,f1-score,support
True,0.6870748299319728,0.9711538461538461,0.804780876494024,208.0
False,0.9444444444444444,0.5257731958762887,0.6754966887417219,194.0
accuracy,0.7562189054726368,0.7562189054726368,0.7562189054726368,0.7562189054726368
macro avg,0.8157596371882085,0.7484635210150674,0.7401387826178729,402.0
weighted avg,0.8112780767364989,0.7562189054726368,0.7423899998175398,402.0
