,precision,recall,f1-score,support
True,0.6755852842809364,0.9711538461538461,0.796844181459566,208.0
False,0.941747572815534,0.5,0.6531986531986532,194.0
accuracy,0.7437810945273632,0.7437810945273632,0.7437810945273632,0.7437810945273632
macro avg,0.8086664285482352,0.7355769230769231,0.7250214173291096,402.0
weighted avg,0.8040317618324587,0.7437810945273632,0.7275227076222102,402.0
