,precision,recall,f1-score,support
True,0.9090909090909091,0.5288461538461539,0.668693009118541,208.0
False,0.6512455516014235,0.9432989690721649,0.7705263157894737,194.0
accuracy,0.7288557213930348,0.7288557213930348,0.7288557213930348,0.7288557213930348
macro avg,0.7801682303461663,0.7360725614591594,0.7196096624540074,402.0
weighted avg,0.7846580748795652,0.7288557213930348,0.7178364456711802,402.0
