threshold,threshold_name
0.5,default
0.14994452732825203,optimal
0.8039858141865207,tpr
0.14495683302889456,tnr
