balanced_accuracy,pr_auc,roc_auc
0.7365451388888888,0.8141094723183739,0.8092447916666667
