,precision,recall,f1-score,support
True,0.8734177215189873,0.5390625,0.6666666666666666,128.0
False,0.694300518134715,0.9305555555555556,0.7952522255192879,144.0
accuracy,0.7463235294117647,0.7463235294117647,0.7463235294117647,0.7463235294117647
macro avg,0.7838591198268512,0.7348090277777778,0.7309594460929772,272.0
weighted avg,0.7785909667861373,0.7463235294117647,0.7347413742945249,272.0
