,precision,recall,f1-score,support
True,0.5965909090909091,0.8203125,0.6907894736842105,128.0
False,0.7604166666666666,0.5069444444444444,0.6083333333333333,144.0
accuracy,0.6544117647058824,0.6544117647058824,0.6544117647058824,0.6544117647058824
macro avg,0.6785037878787878,0.6636284722222222,0.6495614035087719,272.0
weighted avg,0.683322192513369,0.6544117647058824,0.6471362229102167,272.0
