,precision,recall,f1-score,support
True,0.7355371900826446,0.6953125,0.714859437751004,128.0
False,0.7417218543046358,0.7777777777777778,0.759322033898305,144.0
accuracy,0.7389705882352942,0.7389705882352942,0.7389705882352942,0.7389705882352942
macro avg,0.7386295221936402,0.7365451388888888,0.7370907358246546,272.0
weighted avg,0.7388114240825223,0.7389705882352942,0.7383984592407515,272.0
