,precision,recall,f1-score,support
True,0.6912751677852349,0.8046875,0.7436823104693141,128.0
False,0.7967479674796748,0.6805555555555556,0.7340823970037453,144.0
accuracy,0.7389705882352942,0.7389705882352942,0.7389705882352942,0.7389705882352942
macro avg,0.7440115676324548,0.7426215277777778,0.7388823537365297,272.0
weighted avg,0.7471137087999383,0.7389705882352942,0.7386000033404836,272.0
