threshold,threshold_name
0.5,default
0.2878295025372718,optimal
0.7834649908253891,tpr
0.1863262566218005,tnr
