balanced_accuracy,pr_auc,roc_auc
0.6397374629484,0.6041779335580926,0.7563365797592403
