,precision,recall,f1-score,support
True,0.375,0.9590163934426229,0.5391705069124423,122.0
False,0.9382716049382716,0.28044280442804426,0.4318181818181818,271.0
accuracy,0.4910941475826972,0.4910941475826972,0.4910941475826972,0.4910941475826972
macro avg,0.6566358024691358,0.6197295989353335,0.485494344365312,393.0
weighted avg,0.7634137530235918,0.4910941475826972,0.46514383998993697,393.0
