,precision,recall,f1-score,support
True,0.6116504854368932,0.5163934426229508,0.56,122.0
False,0.7965517241379311,0.8523985239852399,0.8235294117647058,271.0
accuracy,0.7480916030534351,0.7480916030534351,0.7480916030534351,0.7480916030534351
macro avg,0.7041011047874122,0.6843959833040953,0.691764705882353,393.0
weighted avg,0.7391523574164892,0.7480916030534351,0.7417212992067056,393.0
