,precision,recall,f1-score,support
True,0.6666666666666666,0.36065573770491804,0.4680851063829787,122.0
False,0.7614678899082569,0.9188191881918819,0.8327759197324416,271.0
accuracy,0.7455470737913485,0.7455470737913485,0.7455470737913485,0.7455470737913485
macro avg,0.7140672782874617,0.6397374629484,0.6504305130577102,393.0
weighted avg,0.7320385025406385,0.7455470737913485,0.7195640132982573,393.0
