,precision,recall,f1-score,support
True,0.423728813559322,0.819672131147541,0.5586592178770949,122.0
False,0.8598726114649682,0.4981549815498155,0.630841121495327,271.0
accuracy,0.5979643765903307,0.5979643765903307,0.5979643765903307,0.5979643765903307
macro avg,0.6418007125121451,0.6589135563486783,0.594750169686211,393.0
weighted avg,0.7244793714026556,0.5979643765903307,0.6084335076494636,393.0
