threshold,threshold_name
0.5,default
0.037563856691122055,optimal
0.33246278762817383,tpr
0.09532236307859421,tnr
