balanced_accuracy,pr_auc,roc_auc
0.784620340999207,0.8762887178653666,0.8759045400475813
