,precision,recall,f1-score,support
True,0.8134715025906736,0.7548076923076923,0.7830423940149626,208.0
False,0.7559808612440191,0.8144329896907216,0.7841191066997518,194.0
accuracy,0.7835820895522388,0.7835820895522388,0.7835820895522388,0.7835820895522388
macro avg,0.7847261819173463,0.784620340999207,0.7835807503573572,402.0
weighted avg,0.7857272627368155,0.7835820895522388,0.7835620016290151,402.0
