,precision,recall,f1-score,support
True,0.757201646090535,0.8846153846153846,0.8159645232815963,208.0
False,0.8490566037735849,0.6958762886597938,0.7648725212464589,194.0
accuracy,0.7935323383084577,0.7935323383084577,0.7935323383084577,0.7935323383084577
macro avg,0.80312912493206,0.7902458366375892,0.7904185222640276,402.0
weighted avg,0.8015296604947929,0.7935323383084577,0.7913081839910076,402.0
