,precision,recall,f1-score,support
True,0.9217391304347826,0.5096153846153846,0.6563467492260062,208.0
False,0.6445993031358885,0.9536082474226805,0.7692307692307693,194.0
accuracy,0.7238805970149254,0.7238805970149254,0.7238805970149254,0.7238805970149254
macro avg,0.7831692167853356,0.7316118160190326,0.7127887592283877,402.0
weighted avg,0.7879950346736249,0.7238805970149254,0.7108231170890013,402.0
