,precision,recall,f1-score,support
True,0.6722972972972973,0.9567307692307693,0.7896825396825397,208.0
False,0.9150943396226415,0.5,0.6466666666666667,194.0
accuracy,0.736318407960199,0.736318407960199,0.736318407960199,0.736318407960199
macro avg,0.7936958184599694,0.7283653846153846,0.7181746031746032,402.0
weighted avg,0.7894680092652496,0.736318407960199,0.7206649293216457,402.0
