threshold,threshold_name
0.5,default
0.29528918342703586,optimal
0.7525325222514045,tpr
0.1874578769927076,tnr
