balanced_accuracy,pr_auc,roc_auc
0.6426108523380316,0.6233928844101773,0.7505595547758757
