,precision,recall,f1-score,support
True,0.7241379310344828,0.3442622950819672,0.4666666666666667,122.0
False,0.7611940298507462,0.940959409594096,0.8415841584158416,271.0
accuracy,0.7557251908396947,0.7557251908396947,0.7557251908396947,0.7557251908396947
macro avg,0.7426659804426146,0.6426108523380316,0.6541254125412541,393.0
weighted avg,0.7496906098619825,0.7557251908396947,0.7251975579237313,393.0
