,precision,recall,f1-score,support
True,0.42016806722689076,0.819672131147541,0.5555555555555556,122.0
False,0.8580645161290322,0.4907749077490775,0.624413145539906,271.0
accuracy,0.5928753180661578,0.5928753180661578,0.5928753180661578,0.5928753180661578
macro avg,0.6391162916779615,0.6552235194483093,0.5899843505477308,393.0
weighted avg,0.7221271961136092,0.5928753180661578,0.60303750691881,393.0
