,precision,recall,f1-score,support
True,0.5495495495495496,0.5,0.5236051502145922,122.0
False,0.7836879432624113,0.8154981549815498,0.7992766726943942,271.0
accuracy,0.7175572519083969,0.7175572519083969,0.7175572519083969,0.7175572519083969
macro avg,0.6666187464059805,0.6577490774907748,0.6614409114544932,393.0
weighted avg,0.7110037599724136,0.7175572519083969,0.713699253502191,393.0
