,precision,recall,f1-score,support
True,0.364741641337386,0.9836065573770492,0.532150776053215,122.0
False,0.96875,0.22878228782287824,0.3701492537313433,271.0
accuracy,0.4631043256997455,0.4631043256997455,0.4631043256997455,0.4631043256997455
macro avg,0.666745820668693,0.6061944225999637,0.4511500148922791,393.0
weighted avg,0.7812461329342522,0.4631043256997455,0.4204398026455121,393.0
