threshold,threshold_name
0.5,default
0.037044702550342354,optimal
0.30221358471856336,tpr
0.0935778883115933,tnr
