balanced_accuracy,pr_auc,roc_auc
0.7161458333333333,0.8071054962747646,0.8282877604166666
