,precision,recall,f1-score,support
True,0.6019417475728155,0.96875,0.7425149700598802,128.0
False,0.9393939393939394,0.4305555555555556,0.5904761904761905,144.0
accuracy,0.6838235294117647,0.6838235294117647,0.6838235294117647,0.6838235294117647
macro avg,0.7706678434833775,0.6996527777777778,0.6664955802680353,272.0
weighted avg,0.7805929079487046,0.6838235294117647,0.6620238514567504,272.0
