,precision,recall,f1-score,support
True,0.7789473684210526,0.578125,0.6636771300448431,128.0
False,0.6949152542372882,0.8541666666666666,0.7663551401869159,144.0
accuracy,0.7242647058823529,0.7242647058823529,0.7242647058823529,0.7242647058823529
macro avg,0.7369313113291704,0.7161458333333333,0.7150161351158795,272.0
weighted avg,0.7344597785590596,0.7242647058823529,0.7180360765906464,272.0
