,precision,recall,f1-score,support
True,0.6223404255319149,0.9140625,0.740506329113924,128.0
False,0.8690476190476191,0.5069444444444444,0.6403508771929824,144.0
accuracy,0.6985294117647058,0.6985294117647058,0.6985294117647058,0.6985294117647058
macro avg,0.745694022289767,0.7105034722222222,0.6904286031534532,272.0
weighted avg,0.7529501162166995,0.6985294117647058,0.6874828545675432,272.0
