,precision,recall,f1-score,support
True,0.8125,0.5078125,0.625,128.0
False,0.671875,0.8958333333333334,0.7678571428571428,144.0
accuracy,0.7132352941176471,0.7132352941176471,0.7132352941176471,0.7132352941176471
macro avg,0.7421875,0.7018229166666667,0.6964285714285714,272.0
weighted avg,0.7380514705882353,0.7132352941176471,0.7006302521008403,272.0
