threshold,threshold_name
0.5,default
0.13681538271181243,optimal
0.6081766211653139,tpr
0.18617900172224114,tnr
