balanced_accuracy,pr_auc,roc_auc
0.7348090277777778,0.8019416380445925,0.8018120659722223
