,precision,recall,f1-score,support
True,0.8020833333333334,0.6015625,0.6875,128.0
False,0.7102272727272727,0.8680555555555556,0.78125,144.0
accuracy,0.7426470588235294,0.7426470588235294,0.7426470588235294,0.7426470588235294
macro avg,0.756155303030303,0.7348090277777778,0.734375,272.0
weighted avg,0.7534536541889483,0.7426470588235294,0.7371323529411765,272.0
