,precision,recall,f1-score,support
True,0.5775401069518716,0.84375,0.6857142857142857,128.0
False,0.7647058823529411,0.4513888888888889,0.5676855895196506,144.0
accuracy,0.6360294117647058,0.6360294117647058,0.6360294117647058,0.6360294117647058
macro avg,0.6711229946524064,0.6475694444444444,0.6266999376169682,272.0
weighted avg,0.6766278703994967,0.6360294117647058,0.6232285053759495,272.0
