,precision,recall,f1-score,support
True,0.7183098591549296,0.796875,0.7555555555555555,128.0
False,0.8,0.7222222222222222,0.759124087591241,144.0
accuracy,0.7573529411764706,0.7573529411764706,0.7573529411764706,0.7573529411764706
macro avg,0.7591549295774649,0.7595486111111112,0.7573398215733982,272.0
weighted avg,0.7615575807787904,0.7573529411764706,0.7574447783979773,272.0
