,precision,recall,f1-score,support
True,0.8048780487804879,0.515625,0.6285714285714286,128.0
False,0.6736842105263158,0.8888888888888888,0.7664670658682634,144.0
accuracy,0.7132352941176471,0.7132352941176471,0.7132352941176471,0.7132352941176471
macro avg,0.7392811296534019,0.7022569444444444,0.6975192472198459,272.0
weighted avg,0.7354224873518085,0.7132352941176471,0.7015750012579882,272.0
