threshold,threshold_name
0.5,default
0.21515457714908373,optimal
0.599623320565885,tpr
0.0948308370668082,tnr
