balanced_accuracy,pr_auc,roc_auc
0.6957465277777778,0.7974545883721783,0.8141276041666666
