,precision,recall,f1-score,support
True,0.675,0.84375,0.75,128.0
False,0.8214285714285714,0.6388888888888888,0.7187499999999999,144.0
accuracy,0.7352941176470589,0.7352941176470589,0.7352941176470589,0.7352941176470589
macro avg,0.7482142857142857,0.7413194444444444,0.734375,272.0
weighted avg,0.7525210084033613,0.7352941176470589,0.7334558823529411,272.0
