,precision,recall,f1-score,support
True,0.6141304347826086,0.8828125,0.7243589743589743,128.0
False,0.8295454545454546,0.5069444444444444,0.6293103448275862,144.0
accuracy,0.6838235294117647,0.6838235294117647,0.6838235294117647,0.6838235294117647
macro avg,0.7218379446640316,0.6948784722222222,0.6768346595932803,272.0
weighted avg,0.7281736805394095,0.6838235294117647,0.6740391116658865,272.0
