,precision,recall,f1-score,support
True,0.855072463768116,0.4609375,0.5989847715736041,128.0
False,0.6600985221674877,0.9305555555555556,0.7723342939481267,144.0
accuracy,0.7095588235294118,0.7095588235294118,0.7095588235294118,0.7095588235294118
macro avg,0.7575854929678019,0.6957465277777778,0.6856595327608654,272.0
weighted avg,0.7518509652736657,0.7095588235294118,0.690758048124822,272.0
