threshold,threshold_name
0.5,default
0.1981902783002186,optimal
0.4829568640734129,tpr
0.15122918313336983,tnr
