balanced_accuracy,pr_auc,roc_auc
0.6818001586042823,0.7915053120676631,0.772241772402855
