,precision,recall,f1-score,support
True,0.6339622641509434,0.8076923076923077,0.7103594080338266,208.0
False,0.708029197080292,0.5,0.5861027190332327,194.0
accuracy,0.6592039800995025,0.6592039800995025,0.6592039800995025,0.6592039800995025
macro avg,0.6709957306156177,0.6538461538461539,0.6482310635335297,402.0
weighted avg,0.6697060079029176,0.6592039800995025,0.6503947372225948,402.0
