,precision,recall,f1-score,support
True,0.8347826086956521,0.46153846153846156,0.5944272445820433,208.0
False,0.6097560975609756,0.9020618556701031,0.7276507276507277,194.0
accuracy,0.6741293532338308,0.6741293532338308,0.6741293532338308,0.6741293532338308
macro avg,0.7222693531283139,0.6818001586042823,0.6610389861163855,402.0
weighted avg,0.7261877252127485,0.6741293532338308,0.6587191742221546,402.0
