,precision,recall,f1-score,support
True,0.7136363636363636,0.7548076923076923,0.7336448598130841,208.0
False,0.7197802197802198,0.6752577319587629,0.696808510638298,194.0
accuracy,0.7164179104477612,0.7164179104477612,0.7164179104477612,0.7164179104477612
macro avg,0.7167082917082916,0.7150327121332276,0.715226685225691,402.0
weighted avg,0.7166013091386225,0.7164179104477612,0.7158681141914212,402.0
