threshold,threshold_name
0.5,default
0.3879157291214792,optimal
0.4901939584222877,tpr
0.32434400983201706,tnr
